number, name
5586,Lausanne
5586,Lausanne
5586,Lausanne
5586,Lausanne
5586,Lausanne
5586,Lausanne
5586,Lausanne
5586,Lausanne
5589,Prilly
5591,Renens (VD)
5585,Jouxtens-Mézery
5590,Pully
5586,Lausanne
5586,Lausanne
5586,Lausanne
5627,Chavannes-près-Renens
5635,Ecublens (VD)
5648,Saint-Sulpice (VD)
5586,Lausanne
5591,Renens (VD)
5627,Chavannes-près-Renens
5583,Crissier
5586,Lausanne
5635,Ecublens (VD)
5648,Saint-Sulpice (VD)
5632,Denges
5633,Echandens
5638,Lonay
5643,Préverenges
5651,Villars-Sainte-Croix
5624,Bussigny
5489,Mex (VD)
5503,Vufflens-la-Ville
5586,Lausanne
5592,Romanel-sur-Lausanne
5582,Cheseaux-sur-Lausanne
5583,Crissier
5586,Lausanne
5473,Boussens
5472,Bournens
5501,Sullens
5521,Etagnières
5512,Bercher
5661,Boulens
5693,Montanaire
5518,Echallens
5537,Villars-le-Terroir
5535,Saint-Barthélemy (VD)
5540,Montilliez
5804,Jorat-Menthue
5540,Montilliez
5540,Montilliez
5533,Poliez-Pittet
5514,Bottens
5511,Assens
5513,Bioley-Orjulaz
5471,Bettens
5540,Montilliez
5522,Fey
5680,Ogens
5903,Bioley-Magnoux
5534,Rueyres
5534,Rueyres
5923,Oppens
5586,Lausanne
5587,Le Mont-sur-Lausanne
5516,Cugy (VD)
5586,Lausanne
5515,Bretigny-sur-Morrens
5527,Morrens (VD)
5523,Froideville
5804,Jorat-Menthue
5673,Hermenches
5804,Jorat-Menthue
5804,Jorat-Menthue
5804,Jorat-Menthue
5693,Montanaire
5693,Montanaire
5661,Boulens
5693,Montanaire
5804,Jorat-Menthue
5584,Epalinges
5586,Lausanne
5590,Pully
5607,Puidoux
5613,Bourg-en-Lavaux
5882,Chardonne
5601,Chexbres
5609,Rivaz
5610,Saint-Saphorin (Lavaux)
5882,Chardonne
5607,Puidoux
5609,Rivaz
5610,Saint-Saphorin (Lavaux)
5882,Chardonne
5604,Forel (Lavaux)
5611,Savigny
5604,Forel (Lavaux)
5611,Savigny
5806,Jorat-Mézières
5799,Servion
5788,Essertes
5604,Forel (Lavaux)
5799,Servion
5792,Montpreveyres
5785,Corcelles-le-Jorat
5806,Jorat-Mézières
5803,Vulliens
5806,Jorat-Mézières
5803,Vulliens
5798,Ropraz
5606,Lutry
5611,Savigny
5604,Forel (Lavaux)
5613,Bourg-en-Lavaux
5611,Savigny
5613,Bourg-en-Lavaux
5613,Bourg-en-Lavaux
5581,Belmont-sur-Lausanne
5606,Lutry
5606,Lutry
5588,Paudex
5606,Lutry
5613,Bourg-en-Lavaux
5607,Puidoux
5613,Bourg-en-Lavaux
5613,Bourg-en-Lavaux
5613,Bourg-en-Lavaux
5607,Puidoux
5613,Bourg-en-Lavaux
5642,Morges
5634,Echichens
5634,Echichens
5634,Echichens
5654,Vullierens
5478,Cottens (VD)
5485,Grancy
5622,Bremblens
5645,Romanel-sur-Morges
5621,Aclens
5484,Gollion
5634,Echichens
5650,Vaux-sur-Morges
5629,Clarmont
5421,Apples
5644,Reverolle
5649,Tolochenaz
5639,Lully (VD)
5653,Vufflens-le-Château
5628,Chigny
5631,Denens
5625,Bussy-Chardonney
5500,Sévery
5494,Pampigny
5421,Apples
5500,Sévery
5423,Ballens
5425,Bière
5435,Saint-Livres
5431,Mollens (VD)
5492,Montricher
5486,L'Isle
5488,Mauraz
5486,L'Isle
5479,Cuarnens
5491,Mont-la-Ville
5758,La Praz
5474,La Chaux (Cossonay)
5475,Chavannes-le-Veyron
5490,Moiry
5486,L'Isle
5424,Berolle
5425,Bière
5639,Lully (VD)
5646,Saint-Prex
5636,Etoy
5623,Buchillon
5851,Allaman
5427,Féchy
5860,Perroy
5640,Lussy-sur-Morges
5652,Villars-sous-Yens
5655,Yens
5422,Aubonne
5432,Montherod
5637,Lavigny
5422,Aubonne
5426,Bougy-Villars
5427,Féchy
5432,Montherod
5422,Aubonne
5637,Lavigny
5435,Saint-Livres
5856,Essertines-sur-Rolle
5857,Gilly
5861,Rolle
5856,Essertines-sur-Rolle
5862,Tartegnin
5857,Gilly
5853,Bursins
5857,Gilly
5858,Luins
5863,Vinzel
5856,Essertines-sur-Rolle
5859,Mont-sur-Rolle
5856,Essertines-sur-Rolle
5857,Gilly
5436,Saint-Oyens
5428,Gimel
5434,Saint-George
5437,Saubraz
5852,Bursinel
5855,Dully
5852,Bursinel
5857,Gilly
5710,Coinsins
5721,Gland
5725,Prangins
5725,Prangins
6621,Genève
6621,Genève
6623,Le Grand-Saconnex
6634,Pregny-Chambésy
6621,Genève
6621,Genève
6621,Genève
6621,Genève
6621,Genève
6621,Genève
6621,Genève
6623,Le Grand-Saconnex
6643,Vernier
6608,Carouge (GE)
6628,Lancy
6631,Onex
6633,Plan-les-Ouates
6621,Genève
6628,Lancy
6628,Lancy
6631,Onex
6630,Meyrin
6638,Satigny
6643,Vernier
6623,Le Grand-Saconnex
6630,Meyrin
6623,Le Grand-Saconnex
6630,Meyrin
6643,Vernier
6630,Meyrin
6638,Satigny
6621,Genève
6623,Le Grand-Saconnex
6643,Vernier
6643,Vernier
6643,Vernier
6643,Vernier
6616,Collonge-Bellerive
6617,Cologny
6612,Chêne-Bougeries
6613,Chêne-Bourg
6640,Thônex
6608,Carouge (GE)
6621,Genève
6628,Lancy
6608,Carouge (GE)
6621,Genève
6628,Lancy
6618,Confignon
6628,Lancy
6633,Plan-les-Ouates
6612,Chêne-Bougeries
6621,Genève
6607,Bernex
6618,Confignon
6607,Bernex
6645,Veyrier
6604,Avusy
6607,Bernex
6609,Cartigny
6627,Laconnex
6603,Avully
6611,Chancy
6615,Collex-Bossy
6636,Puplinge
6638,Satigny
6635,Presinge
6614,Choulex
6616,Collonge-Bellerive
6616,Collonge-Bellerive
6619,Corsier (GE)
6602,Anières
6625,Hermance
6624,Gy
6629,Meinier
6642,Vandoeuvres
6624,Gy
6626,Jussy
6641,Troinex
6645,Veyrier
6628,Lancy
6633,Plan-les-Ouates
6641,Troinex
6645,Veyrier
6605,Bardonnex
6633,Plan-les-Ouates
6641,Troinex
6605,Bardonnex
6632,Perly-Certoux
5724,Nyon
5725,Prangins
5430,Marchissy
5731,Le Vaud
5429,Longirod
5716,Eysins
5714,Crassier
5702,Arzier-Le Muids
5727,Saint-Cergue
5727,Saint-Cergue
5715,Duillier
5732,Vich
5710,Coinsins
5704,Begnins
5853,Bursins
5854,Burtigny
5863,Vinzel
5703,Bassins
5730,Trélex
5720,Givrins
5718,Genolier
5720,Givrins
5702,Arzier-Le Muids
5728,Signy-Avenex
5722,Grens
5728,Signy-Avenex
5730,Trélex
5709,Chéserex
5726,La Rippe
5709,Chéserex
5719,Gingins
5727,Saint-Cergue
5701,Arnex-sur-Nyon
5706,Borex
5701,Arnex-sur-Nyon
5726,La Rippe
5707,Chavannes-de-Bogis
5705,Bogis-Bossey
6637,Russin
6638,Satigny
6620,Dardagny
6620,Dardagny
6611,Chancy
6604,Avusy
6611,Chancy
6607,Bernex
6639,Soral
6627,Laconnex
6601,Aire-la-Ville
5723,Mies
6615,Collex-Bossy
6622,Genthod
6644,Versoix
5708,Chavannes-des-Bois
5711,Commugny
6621,Genève
6634,Pregny-Chambésy
6606,Bellevue
6622,Genthod
6606,Bellevue
6622,Genthod
5723,Mies
5729,Tannay
5729,Tannay
5712,Coppet
5712,Coppet
5717,Founex
6610,Céligny
5713,Crans-près-Céligny
5503,Vufflens-la-Ville
5496,Penthaz
5477,Cossonay
5481,Dizy
5477,Cossonay
5499,Senarclens
5495,Penthalaz
5471,Bettens
5480,Daillens
5487,Lussery-Villars
5474,La Chaux (Cossonay)
5482,Eclépens
5483,Ferreyres
5498,La Sarraz
5474,La Chaux (Cossonay)
5476,Chevilly
5493,Orny
5497,Pompaples
5743,Arnex-sur-Orbe
5752,Croy
5761,Romainmôtier-Envy
5759,Premier
5491,Mont-la-Ville
5765,Vaulion
5754,Juriens
5748,Bretonnières
5764,Vallorbe
5744,Ballaigues
5872,Le Chenit
5871,L'Abbaye
5873,Le Lieu
5871,L'Abbaye
5873,Le Lieu
5873,Le Lieu
5871,L'Abbaye
5872,Le Chenit
5872,Le Chenit
5872,Le Chenit
5757,Orbe
5742,Agiez
5747,Bofflens
5756,Montcherand
5741,L'Abergement
5762,Sergey
5750,Les Clées
5750,Les Clées
5755,Lignerolle
5763,Valeyres-sous-Rances
5493,Orny
5746,Bavois
5749,Chavornay
5749,Chavornay
5531,Penthéréaz
5541,Goumoëns
5541,Goumoëns
5541,Goumoëns
5529,Oulens-sous-Echallens
5938,Yverdon-les-Bains
5909,Cheseaux-Noréaz
5911,Cuarny
5911,Cuarny
5935,Villars-Epeney
5926,Pomy
5910,Cronay
5913,Donneloye
5903,Bioley-Magnoux
5913,Donneloye
5913,Donneloye
5903,Bioley-Magnoux
5913,Donneloye
5693,Montanaire
5693,Montanaire
5693,Montanaire
5693,Montanaire
2038,Prévondavaux
5693,Montanaire
5934,Valeyres-sous-Ursins
5932,Ursins
5925,Orzens
5921,Molondin
5912,Démoret
5530,Pailly
5520,Essertines-sur-Yverdon
5520,Essertines-sur-Yverdon
5539,Vuarrens
5556,Fiez
5557,Fontaines-sur-Grandson
5560,Grandevent
5561,Grandson
5571,Tévenon
5551,Bonvillars
5571,Tévenon
5571,Tévenon
5571,Tévenon
5553,Champagne
5565,Onnens (VD)
5554,Concise
5555,Corcelles-près-Concise
5551,Bonvillars
5554,Concise
5566,Provence
5563,Mutrux
5559,Giez
5924,Orges
5937,Vugelles-La Mothe
5564,Novalles
5902,Belmont-sur-Yverdon
5934,Valeyres-sous-Ursins
5938,Yverdon-les-Bains
5929,Suchy
5914,Ependes (VD)
5749,Chavornay
5931,Treycovagnes
5904,Chamblon
5930,Suscévaz
5919,Mathod
5760,Rances
5933,Valeyres-sous-Montagny
5922,Montagny-près-Yverdon
5905,Champvent
5905,Champvent
5905,Champvent
5568,Sainte-Croix
5766,Vuiteboeuf
5745,Baulmes
5568,Sainte-Croix
5568,Sainte-Croix
5568,Sainte-Croix
5552,Bullet
5568,Sainte-Croix
5552,Bullet
5556,Fiez
5557,Fontaines-sur-Grandson
5562,Mauborget
5571,Tévenon
5568,Sainte-Croix
5568,Sainte-Croix
5939,Yvonand
5928,Rovray
5907,Chavannes-le-Chêne
5908,Chêne-Pâquier
2055,Cheyres-Châbles
2054,Estavayer
2025,Lully (FR)
2054,Estavayer
2025,Lully (FR)
2025,Lully (FR)
2054,Estavayer
2008,Châtillon (FR)
2055,Cheyres-Châbles
2054,Estavayer
2054,Estavayer
2054,Estavayer
2011,Cugy (FR)
2025,Lully (FR)
2050,Les Montets
2050,Les Montets
2011,Cugy (FR)
2050,Les Montets
2050,Les Montets
2035,Nuvilly
5831,Valbroye
2054,Estavayer
2054,Estavayer
5692,Vucherens
5678,Moudon
5688,Syens
5665,Chavannes-sur-Moudon
5673,Hermenches
5785,Corcelles-le-Jorat
5798,Ropraz
5684,Rossenges
5663,Bussy-sur-Moudon
5690,Villars-le-Comte
5693,Montanaire
5669,Curtilles
5675,Lucens
5831,Valbroye
5675,Lucens
5831,Valbroye
5831,Valbroye
5819,Henniez
2044,Surpierre
5831,Valbroye
5675,Lucens
5675,Lucens
2044,Surpierre
2044,Surpierre
2044,Surpierre
2009,Cheiry
2054,Estavayer
5822,Payerne
2016,Fétigny
2027,Ménières
2050,Les Montets
5831,Valbroye
2009,Cheiry
5831,Valbroye
5831,Valbroye
5812,Champtauroz
5828,Treytorrens (Payerne)
2054,Estavayer
2054,Estavayer
2043,Sévaz
2054,Estavayer
5817,Grandcour
2022,Gletterens
5813,Chevroux
5822,Payerne
5827,Trey
2068,Châtonnaye
5830,Villarzel
5830,Villarzel
5830,Villarzel
2029,Montagny (FR)
5816,Corcelles-près-Payerne
5822,Payerne
2053,Belmont-Broye
2053,Belmont-Broye
5821,Missy
2045,Vallon
2041,Saint-Aubin (FR)
2041,Saint-Aubin (FR)
2051,Delley-Portalban
2051,Delley-Portalban
2053,Belmont-Broye
5451,Avenches
2053,Belmont-Broye
5451,Avenches
5451,Avenches
2254,Courtepin
5464,Vully-les-Lacs
5464,Vully-les-Lacs
5464,Vully-les-Lacs
5464,Vully-les-Lacs
5464,Vully-les-Lacs
5464,Vully-les-Lacs
5464,Vully-les-Lacs
5456,Cudrefin
5464,Vully-les-Lacs
5458,Faoug
661,Clavaleyres
5805,Oron
5805,Oron
5805,Oron
5607,Puidoux
5805,Oron
5805,Oron
5805,Oron
5805,Oron
2066,Chapelle (Glâne)
2335,Saint-Martin (FR)
2335,Saint-Martin (FR)
2335,Saint-Martin (FR)
5805,Oron
5805,Oron
5805,Oron
2338,La Verrerie
2321,Attalens
5805,Oron
5790,Maracon
2328,Granges (Veveyse)
5882,Chardonne
2323,Bossonnens
2321,Attalens
2333,Remaufens
2321,Attalens
2325,Châtel-Saint-Denis
2333,Remaufens
2325,Châtel-Saint-Denis
2336,Semsales
2338,La Verrerie
2338,La Verrerie
2336,Semsales
2338,La Verrerie
2152,Sâles
2152,Sâles
2152,Sâles
2152,Sâles
2152,Sâles
2155,Vaulruz
2336,Semsales
2148,Riaz
2160,Vuadens
2125,Bulle
2148,Riaz
2140,Marsens
2140,Marsens
2149,La Roche
2125,Bulle
2135,Gruyères
2145,Le Pâquier (FR)
2124,Broc
2135,Gruyères
2163,Val-de-Charmey
2143,Morlon
2153,Sorens
2122,Pont-en-Ogoz
2122,Pont-en-Ogoz
2122,Pont-en-Ogoz
2129,Corbières
2131,Echarlens
2129,Corbières
2137,Hauteville
2147,Pont-la-Ville
2129,Corbières
2123,Botterens
2123,Botterens
2130,Crésuz
2128,Châtel-sur-Montsalvens
2163,Val-de-Charmey
2138,Jaun
2138,Jaun
791,Boltigen
843,Saanen
5842,Rossinière
5842,Rossinière
5841,Château-d'Oex
5843,Rougemont
5841,Château-d'Oex
5843,Rougemont
5841,Château-d'Oex
5841,Château-d'Oex
5841,Château-d'Oex
5841,Château-d'Oex
2135,Gruyères
2145,Le Pâquier (FR)
2135,Gruyères
2135,Gruyères
2135,Gruyères
2135,Gruyères
2162,Bas-Intyamon
2134,Grandvillard
2162,Bas-Intyamon
2162,Bas-Intyamon
2121,Haut-Intyamon
2121,Haut-Intyamon
2121,Haut-Intyamon
2121,Haut-Intyamon
2121,Haut-Intyamon
2102,Ursy
2102,Ursy
2102,Ursy
2097,Rue
2097,Rue
2061,Auboranges
2072,Ecublens (FR)
2097,Rue
2102,Ursy
2089,Montet (Glâne)
2102,Ursy
2102,Ursy
2097,Rue
2102,Ursy
2102,Ursy
2099,Siviriez
2099,Siviriez
2099,Siviriez
2099,Siviriez
2096,Romont (FR)
2099,Siviriez
2116,La Folliaz
2087,Mézières (FR)
2063,Billens-Hennens
2063,Billens-Hennens
5683,Prévonloup
5674,Lovatens
5671,Dompierre (VD)
5831,Valbroye
5831,Valbroye
5675,Lucens
5675,Lucens
5675,Lucens
2087,Mézières (FR)
2113,Vuisternens-dev-Romont
2079,Grangettes
2113,Vuisternens-dev-Romont
2113,Vuisternens-dev-Romont
2113,Vuisternens-dev-Romont
2113,Vuisternens-dev-Romont
2113,Vuisternens-dev-Romont
2113,Vuisternens-dev-Romont
2067,Le Châtelard
2111,Villaz-Saint-Pierre
2114,Villorsonnens
2116,La Folliaz
2116,La Folliaz
2086,Massonnens
2114,Villorsonnens
2114,Villorsonnens
2114,Villorsonnens
2114,Villorsonnens
2236,Gibloux
2236,Gibloux
2236,Gibloux
2236,Gibloux
2236,Gibloux
2113,Vuisternens-dev-Romont
2113,Vuisternens-dev-Romont
2337,Le Flon
2337,Le Flon
2337,Le Flon
2196,Fribourg
2293,Düdingen
2306,Tafers
2291,Alterswil
2305,Schmitten (FR)
2306,Tafers
2291,Alterswil
2302,St. Antoni
2305,Schmitten (FR)
2306,Tafers
2296,Heitenried
2302,St. Antoni
2291,Alterswil
2302,St. Antoni
2304,St. Ursen
2299,Plaffeien
2299,Plaffeien
2138,Jaun
2163,Val-de-Charmey
2299,Plaffeien
2291,Alterswil
2304,St. Ursen
2301,Rechthalten
2304,St. Ursen
2292,Brünisried
2299,Plaffeien
2299,Plaffeien
2183,Corminboeuf
2183,Corminboeuf
2272,Misery-Courtion
5451,Avenches
2272,Misery-Courtion
2272,Misery-Courtion
2272,Misery-Courtion
2196,Fribourg
2206,Marly
2230,Villarsel-sur-Marly
2216,Pierrafortscha
2220,Le Mouret
2226,Treyvaux
2220,Le Mouret
2226,Treyvaux
2194,Ferpicloz
2220,Le Mouret
2220,Le Mouret
2225,Senèdes
2226,Treyvaux
2220,Le Mouret
2220,Le Mouret
2303,St. Silvester
2171,Arconciel
2233,Hauterive (FR)
2236,Gibloux
2236,Gibloux
2236,Gibloux
2236,Gibloux
2236,Gibloux
2236,Gibloux
2236,Gibloux
2233,Hauterive (FR)
2189,Ependes (FR)
2171,Arconciel
2149,La Roche
2226,Treyvaux
2303,St. Silvester
2307,Tentlingen
2294,Giffers
2301,Rechthalten
2303,St. Silvester
2300,Plasselb
852,Guggisberg
853,Rüschegg
2299,Plaffeien
2211,Neyruz (FR)
2186,Cottens (FR)
2173,Autigny
2177,Chénens
2173,Autigny
2234,La Brillaz
2221,Prez-vers-Noréaz
2185,Corserey
2115,Torny
2115,Torny
2228,Villars-sur-Glâne
2183,Corminboeuf
2208,Matran
2174,Avry
2174,Avry
2234,La Brillaz
2234,La Brillaz
2213,Noréaz
2197,Givisiez
2198,Granges-Paccot
2200,Grolley
2217,Ponthaux
2217,Ponthaux
2053,Belmont-Broye
2053,Belmont-Broye
2053,Belmont-Broye
2029,Montagny (FR)
2029,Montagny (FR)
2029,Montagny (FR)
2029,Montagny (FR)
2029,Montagny (FR)
2053,Belmont-Broye
2175,Belfaux
2175,Belfaux
2235,La Sonnaz
2235,La Sonnaz
2235,La Sonnaz
2235,La Sonnaz
2254,Courtepin
2254,Courtepin
2254,Courtepin
2254,Courtepin
2257,Cressier (FR)
2284,Mont-Vully
2284,Mont-Vully
2284,Mont-Vully
5464,Vully-les-Lacs
2284,Mont-Vully
2284,Mont-Vully
2254,Courtepin
2262,Gurmels
2262,Gurmels
2275,Murten
2275,Murten
2275,Murten
2250,Courgevaux
669,Münchenwiler
5890,Vevey
5882,Chardonne
5883,Corseaux
5882,Chardonne
5885,Jongny
5884,Corsier-sur-Vevey
5885,Jongny
5882,Chardonne
5884,Corsier-sur-Vevey
5885,Jongny
5888,Saint-Légier-La Chiésaz
5881,Blonay
5886,Montreux
2321,Attalens
5884,Corsier-sur-Vevey
5884,Corsier-sur-Vevey
5889,La Tour-de-Peilz
5886,Montreux
5881,Blonay
5886,Montreux
5886,Montreux
5886,Montreux
5886,Montreux
5891,Veytaux
5886,Montreux
5886,Montreux
5886,Montreux
5886,Montreux
5886,Montreux
5886,Montreux
5414,Villeneuve (VD)
5408,Noville
5403,Chessel
5415,Yvorne
5412,Rennaz
5413,Roche (VD)
5415,Yvorne
5415,Yvorne
5407,Leysin
5404,Corbeyrier
5401,Aigle
5409,Ollon
5410,Ormont-Dessous
5410,Ormont-Dessous
5401,Aigle
5410,Ormont-Dessous
5411,Ormont-Dessus
5411,Ormont-Dessus
5409,Ollon
5410,Ormont-Dessous
5411,Ormont-Dessus
5409,Ollon
5409,Ollon
5409,Ollon
6152,Collombey-Muraz
6215,Massongex
6153,Monthey
6153,Monthey
6153,Monthey
6215,Massongex
6152,Collombey-Muraz
6156,Troistorrents
6157,Val-d'Illiez
6157,Val-d'Illiez
6157,Val-d'Illiez
6151,Champéry
6156,Troistorrents
5402,Bex
5409,Ollon
5402,Bex
5405,Gryon
5402,Bex
5402,Bex
5402,Bex
5405,Gryon
5402,Bex
5405,Gryon
5409,Ollon
5409,Ollon
5409,Ollon
5409,Ollon
6217,Saint-Maurice
6217,Saint-Maurice
6215,Massongex
6220,Vérossaz
5406,Lavey-Morcles
5406,Lavey-Morcles
5406,Lavey-Morcles
6152,Collombey-Muraz
6158,Vionnaz
6159,Vouvry
6159,Vouvry
6154,Port-Valais
6154,Port-Valais
6155,Saint-Gingolph
6158,Vionnaz
6213,Evionnaz
6217,Saint-Maurice
6211,Collonges
6136,Martigny
6219,Vernayaz
6212,Dorénaz
6132,Charrat
6136,Martigny
6141,Saxon
6139,Riddes
6135,Leytron
6022,Chamoson
6135,Leytron
6135,Leytron
6135,Leytron
6135,Leytron
6140,Saillon
6134,Isérables
6139,Riddes
6139,Riddes
6136,Martigny
6219,Vernayaz
6137,Martigny-Combe
6218,Salvan
6218,Salvan
6218,Salvan
6218,Salvan
6214,Finhaut
6214,Finhaut
6133,Fully
6036,Vollèges
6131,Bovernier
6136,Martigny
6137,Martigny-Combe
6142,Trient
6131,Bovernier
6137,Martigny-Combe
6131,Bovernier
6035,Sembrancher
6036,Vollèges
6036,Vollèges
6035,Sembrancher
6035,Sembrancher
6031,Bagnes
6031,Bagnes
6031,Bagnes
6034,Orsières
6034,Orsières
6036,Vollèges
6036,Vollèges
6036,Vollèges
6034,Orsières
6034,Orsières
6033,Liddes
6033,Liddes
6033,Liddes
6033,Liddes
6033,Liddes
6033,Liddes
6033,Liddes
6033,Liddes
6033,Liddes
6033,Liddes
6033,Liddes
6033,Liddes
6032,Bourg-Saint-Pierre
6031,Bagnes
6031,Bagnes
6031,Bagnes
6031,Bagnes
6031,Bagnes
6263,Grimisuat
6265,Savièse
6266,Sion
6022,Chamoson
6022,Chamoson
6022,Chamoson
6022,Chamoson
6022,Chamoson
6021,Ardon
6246,Saint-Léonard
6248,Sierre
6082,Ayent
6266,Sion
6090,Mont-Noble
6265,Savièse
6266,Sion
6025,Vétroz
6023,Conthey
6265,Savièse
6265,Savièse
6265,Savièse
6265,Savièse
6266,Sion
6265,Savièse
6265,Savièse
6265,Savièse
6265,Savièse
6265,Savièse
6265,Savièse
6082,Ayent
6082,Ayent
6082,Ayent
6082,Ayent
6082,Ayent
6082,Ayent
6082,Ayent
6082,Ayent
6082,Ayent
6082,Ayent
6266,Sion
6090,Mont-Noble
6087,Saint-Martin (VS)
6087,Saint-Martin (VS)
6087,Saint-Martin (VS)
6087,Saint-Martin (VS)
6087,Saint-Martin (VS)
6263,Grimisuat
6266,Sion
6263,Grimisuat
6266,Sion
6082,Ayent
6261,Arbaz
6090,Mont-Noble
6261,Arbaz
6023,Conthey
6023,Conthey
6023,Conthey
6023,Conthey
6239,Icogne
6239,Icogne
6240,Lens
6089,Vex
6084,Hérémence
6087,Saint-Martin (VS)
6083,Evolène
6083,Evolène
6083,Evolène
6083,Evolène
6083,Evolène
6083,Evolène
6083,Evolène
6083,Evolène
6084,Hérémence
6089,Vex
6089,Vex
6266,Sion
6267,Veysonnaz
6266,Sion
6266,Sion
6266,Sion
6266,Sion
6266,Sion
6089,Vex
6266,Sion
6266,Sion
6266,Sion
6024,Nendaz
6266,Sion
6267,Veysonnaz
6024,Nendaz
6024,Nendaz
6266,Sion
6024,Nendaz
6024,Nendaz
6024,Nendaz
6024,Nendaz
6024,Nendaz
6024,Nendaz
6024,Nendaz
6024,Nendaz
6024,Nendaz
6024,Nendaz
6024,Nendaz
6416,Milvignes
6458,Neuchâtel
6485,Valangin
6416,Milvignes
6404,Boudry
6416,Milvignes
6404,Boudry
6416,Milvignes
6404,Boudry
6408,Cortaillod
6404,Boudry
6413,Rochefort
6404,Boudry
6413,Rochefort
6408,Cortaillod
6417,La Grande-Béroche
6417,La Grande-Béroche
6417,La Grande-Béroche
6417,La Grande-Béroche
6417,La Grande-Béroche
6417,La Grande-Béroche
5554,Concise
6417,La Grande-Béroche
6412,Peseux
6407,Corcelles-Cormondrèche
6413,Rochefort
6416,Milvignes
6407,Corcelles-Cormondrèche
6416,Milvignes
6407,Corcelles-Cormondrèche
6487,Val-de-Ruz
6413,Rochefort
6485,Valangin
6487,Val-de-Ruz
6487,Val-de-Ruz
6487,Val-de-Ruz
6487,Val-de-Ruz
6487,Val-de-Ruz
6487,Val-de-Ruz
6487,Val-de-Ruz
6487,Val-de-Ruz
6487,Val-de-Ruz
6487,Val-de-Ruz
6487,Val-de-Ruz
6487,Val-de-Ruz
6487,Val-de-Ruz
6487,Val-de-Ruz
6487,Val-de-Ruz
6487,Val-de-Ruz
6453,Enges
6458,Neuchâtel
6487,Val-de-Ruz
6454,Hauterive (NE)
6451,Cornaux
6452,Cressier (NE)
6459,Saint-Blaise
6453,Enges
6455,Le Landeron
6461,La Tène
6451,Cornaux
6461,La Tène
6461,La Tène
6451,Cornaux
6452,Cressier (NE)
6452,Cressier (NE)
6413,Rochefort
6417,La Grande-Béroche
6512,Val-de-Travers
6437,Les Ponts-de-Martel
6512,Val-de-Travers
5566,Provence
6512,Val-de-Travers
6512,Val-de-Travers
6512,Val-de-Travers
6512,Val-de-Travers
6504,La Côte-aux-Fées
6512,Val-de-Travers
6512,Val-de-Travers
6504,La Côte-aux-Fées
6512,Val-de-Travers
6432,La Brévine
6512,Val-de-Travers
6511,Les Verrières
6512,Val-de-Travers
6512,Val-de-Travers
6404,Boudry
6413,Rochefort
6413,Rochefort
6413,Rochefort
6487,Val-de-Ruz
6487,Val-de-Ruz
6487,Val-de-Ruz
6421,La Chaux-de-Fonds
6421,La Chaux-de-Fonds
6421,La Chaux-de-Fonds
6423,La Sagne
6437,Les Ponts-de-Martel
6512,Val-de-Travers
6437,Les Ponts-de-Martel
6413,Rochefort
6433,Brot-Plamboz
6512,Val-de-Travers
6421,La Chaux-de-Fonds
6436,Le Locle
6422,Les Planchettes
435,La Ferrière
445,Sonvilier
6742,Les Bois
435,La Ferrière
6742,Les Bois
6754,Le Noirmont
6753,Muriaux
6753,Muriaux
6754,Le Noirmont
448,Villeret
6743,Les Breuleux
6753,Muriaux
6754,Le Noirmont
443,Saint-Imier
445,Sonvilier
6753,Muriaux
6744,La Chaux-des-Breuleux
6757,Saignelégier
6745,Les Enfers
6757,Saignelégier
6757,Saignelégier
6741,Le Bémont (JU)
6751,Montfaucon
6751,Montfaucon
6741,Le Bémont (JU)
6745,Les Enfers
6758,Saint-Brais
6431,Les Brenets
6436,Le Locle
6434,Le Cerneux-Péquignot
6435,La Chaux-du-Milieu
6436,Le Locle
6434,Le Cerneux-Péquignot
6435,La Chaux-du-Milieu
6432,La Brévine
6434,Le Cerneux-Péquignot
6432,La Brévine
6432,La Brévine
6435,La Chaux-du-Milieu
6432,La Brévine
6511,Les Verrières
6512,Val-de-Travers
6434,Le Cerneux-Péquignot
6431,Les Brenets
371,Biel/Bienne
371,Biel/Bienne
371,Biel/Bienne
733,Brügg
371,Biel/Bienne
733,Brügg
744,Orpund
371,Biel/Bienne
756,Twann-Tüscherz
756,Twann-Tüscherz
740,Ligerz
756,Twann-Tüscherz
723,La Neuveville
740,Ligerz
726,Plateau de Diesse
726,Plateau de Diesse
756,Twann-Tüscherz
726,Plateau de Diesse
724,Nods
6487,Val-de-Ruz
723,La Neuveville
6455,Le Landeron
723,La Neuveville
724,Nods
726,Plateau de Diesse
6455,Le Landeron
6456,Lignières
6487,Val-de-Ruz
494,Gals
6455,Le Landeron
371,Biel/Bienne
372,Evilard
372,Evilard
438,Orvin
431,Corgémont
438,Orvin
724,Nods
438,Orvin
449,Sauge
450,Péry-La Heutte
442,Romont (BE)
449,Sauge
449,Sauge
442,Romont (BE)
2546,Grenchen
392,Pieterlen
387,Lengnau (BE)
2543,Bettlach
2556,Selzach
733,Brügg
744,Orpund
746,Safnern
390,Meinisberg
733,Brügg
747,Scheuren
748,Schwadernau
306,Lyss
749,Studen (BE)
731,Aegerten
748,Schwadernau
743,Nidau
745,Port
732,Bellmund
745,Port
732,Bellmund
739,Ipsach
732,Bellmund
738,Jens
750,Sutz-Lattrigen
742,Mörigen
736,Hagneck
751,Täuffelen
751,Täuffelen
497,Lüscherz
736,Hagneck
751,Täuffelen
497,Lüscherz
502,Vinelz
499,Siselen
493,Finsterhennen
442,Romont (BE)
450,Péry-La Heutte
450,Péry-La Heutte
444,Sonceboz-Sombeval
431,Corgémont
444,Sonceboz-Sombeval
433,Cortébert
434,Courtelary
431,Corgémont
433,Cortébert
434,Courtelary
443,Saint-Imier
443,Saint-Imier
445,Sonvilier
443,Saint-Imier
448,Villeret
432,Cormoret
434,Courtelary
448,Villeret
432,Cormoret
432,Cormoret
448,Villeret
445,Sonvilier
445,Sonvilier
441,Renan (BE)
6487,Val-de-Ruz
441,Renan (BE)
703,Reconvilier
713,Tavannes
706,Saicourt
716,Petit-Val
706,Saicourt
6748,Les Genevez (JU)
6748,Les Genevez (JU)
716,Petit-Val
716,Petit-Val
716,Petit-Val
716,Petit-Val
715,Rebévelier
6750,Lajoux (JU)
6751,Montfaucon
6722,Saulcy
6750,Lajoux (JU)
437,Mont-Tramelan
446,Tramelan
706,Saicourt
431,Corgémont
444,Sonceboz-Sombeval
446,Tramelan
713,Tavannes
446,Tramelan
433,Cortébert
434,Courtelary
437,Mont-Tramelan
446,Tramelan
450,Péry-La Heutte
703,Reconvilier
706,Saicourt
707,Saules (BE)
696,Loveresse
717,Valbirse
717,Valbirse
683,Champoz
690,Court
450,Péry-La Heutte
717,Valbirse
711,Sorvilier
690,Court
700,Moutier
701,Perrefitte
704,Roches (BE)
701,Perrefitte
692,Eschert
681,Belprahon
694,Grandval
691,Crémines
687,Corcelles (BE)
691,Crémines
709,Seehof
2421,Aedermannsdorf
701,Perrefitte
716,Petit-Val
716,Petit-Val
6729,Haute-Sorne
704,Roches (BE)
6708,Courrendlin
6711,Delémont
6712,Develier
6712,Develier
6703,Bourrignon
6719,Pleigne
6709,Courroux
6724,Soyhières
6716,Mettembert
6719,Pleigne
6719,Pleigne
6810,La Baroche
6718,Movelier
6713,Ederswiler
6718,Movelier
6719,Pleigne
2619,Kleinlützel
2790,Roggenburg
6719,Pleigne
6709,Courroux
6709,Courroux
6730,Val Terbi
6706,Courchapoix
6730,Val Terbi
6715,Mervelier
708,Schelten
2612,Beinwil (SO)
6730,Val Terbi
6730,Val Terbi
6708,Courrendlin
6709,Courroux
6728,Vellerat
6720,Rebeuvelier
6730,Val Terbi
6721,Rossemaison
6704,Châtillon (JU)
6710,Courtételle
6711,Delémont
6710,Courtételle
6729,Haute-Sorne
6729,Haute-Sorne
6729,Haute-Sorne
6702,Boécourt
6702,Boécourt
6712,Develier
6729,Haute-Sorne
6729,Haute-Sorne
6722,Saulcy
6758,Saint-Brais
6758,Saint-Brais
6808,Clos du Doubs
6702,Boécourt
6758,Saint-Brais
6808,Clos du Doubs
6810,La Baroche
6808,Clos du Doubs
6808,Clos du Doubs
6758,Saint-Brais
6808,Clos du Doubs
6759,Soubey
6808,Clos du Doubs
6808,Clos du Doubs
6800,Porrentruy
6790,Fontenais
6790,Fontenais
6790,Fontenais
6785,Courtedoux
6809,Haute-Ajoie
6809,Haute-Ajoie
6792,Grandfontaine
6809,Haute-Ajoie
6809,Haute-Ajoie
6809,Haute-Ajoie
6778,Bure
6807,Basse-Allaine
6789,Fahy
6783,Courchavon
6807,Basse-Allaine
6807,Basse-Allaine
6807,Basse-Allaine
6774,Boncourt
6781,Coeuve
6787,Damphreux
6793,Lugnez
6773,Beurnevésin
6771,Alle
6806,Vendlincourt
6775,Bonfol
6810,La Baroche
6810,La Baroche
6784,Courgenay
6784,Courgenay
6782,Cornol
6784,Courgenay
6810,La Baroche
6810,La Baroche
6810,La Baroche
351,Bern
351,Bern
351,Bern
351,Bern
355,Köniz
351,Bern
351,Bern
351,Bern
351,Bern
351,Bern
351,Bern
351,Bern
351,Bern
351,Bern
351,Bern
663,Frauenkappelen
351,Bern
351,Bern
360,Wohlen bei Bern
360,Wohlen bei Bern
663,Frauenkappelen
360,Wohlen bei Bern
312,Seedorf (BE)
360,Wohlen bei Bern
309,Radelfingen
360,Wohlen bei Bern
351,Bern
354,Kirchlindach
360,Wohlen bei Bern
354,Kirchlindach
307,Meikirch
354,Kirchlindach
360,Wohlen bei Bern
360,Wohlen bei Bern
360,Wohlen bei Bern
307,Meikirch
360,Wohlen bei Bern
307,Meikirch
353,Bremgarten bei Bern
351,Bern
362,Ittigen
360,Wohlen bei Bern
361,Zollikofen
546,Münchenbuchsee
311,Schüpfen
544,Moosseedorf
546,Münchenbuchsee
535,Deisswil b. Münchenbuch.
536,Diemerswil
553,Wiggiswil
310,Rapperswil (BE)
311,Schüpfen
351,Bern
362,Ittigen
363,Ostermundigen
352,Bolligen
363,Ostermundigen
352,Bolligen
358,Stettlen
359,Vechigen
363,Ostermundigen
358,Stettlen
359,Vechigen
359,Vechigen
626,Walkringen
627,Worb
351,Bern
363,Ostermundigen
351,Bern
356,Muri bei Bern
363,Ostermundigen
356,Muri bei Bern
627,Worb
627,Worb
356,Muri bei Bern
358,Stettlen
359,Vechigen
627,Worb
627,Worb
627,Worb
608,Grosshöchstetten
627,Worb
616,Münsingen
351,Bern
355,Köniz
357,Oberbalm
861,Belp
877,Niedermuhlern
888,Wald (BE)
888,Wald (BE)
877,Niedermuhlern
880,Rüeggisberg
888,Wald (BE)
880,Rüeggisberg
880,Rüeggisberg
880,Rüeggisberg
355,Köniz
357,Oberbalm
888,Wald (BE)
351,Bern
355,Köniz
355,Köniz
355,Köniz
853,Rüschegg
879,Riggisberg
880,Rüeggisberg
616,Münsingen
616,Münsingen
623,Rubigen
630,Allmendingen
623,Rubigen
627,Worb
611,Kiesen
632,Wichtrach
861,Belp
866,Gerzensee
872,Kirchdorf (BE)
872,Kirchdorf (BE)
872,Kirchdorf (BE)
872,Kirchdorf (BE)
355,Köniz
861,Belp
870,Kehrsatz
861,Belp
870,Kehrsatz
884,Toffen
861,Belp
861,Belp
872,Kirchdorf (BE)
884,Toffen
869,Kaufdorf
884,Toffen
872,Kirchdorf (BE)
876,Mühlethurnen
874,Lohnstorf
873,Kirchenthurnen
876,Mühlethurnen
881,Rümligen
879,Riggisberg
880,Rüeggisberg
881,Rümligen
355,Köniz
355,Köniz
357,Oberbalm
355,Köniz
357,Oberbalm
855,Schwarzenburg
852,Guggisberg
855,Schwarzenburg
853,Rüschegg
855,Schwarzenburg
853,Rüschegg
853,Rüschegg
855,Schwarzenburg
880,Rüeggisberg
879,Riggisberg
880,Rüeggisberg
852,Guggisberg
853,Rüschegg
852,Guggisberg
853,Rüschegg
855,Schwarzenburg
852,Guggisberg
852,Guggisberg
355,Köniz
355,Köniz
355,Köniz
670,Neuenegg
2309,Wünnewil-Flamatt
670,Neuenegg
2309,Wünnewil-Flamatt
662,Ferenbalm
667,Laupen
670,Neuenegg
2295,Bösingen
666,Kriechenwil
2262,Gurmels
2302,St. Antoni
2305,Schmitten (FR)
2308,Ueberstorf
855,Schwarzenburg
2295,Bösingen
2309,Wünnewil-Flamatt
2295,Bösingen
2302,St. Antoni
2305,Schmitten (FR)
2309,Wünnewil-Flamatt
2293,Düdingen
663,Frauenkappelen
668,Mühleberg
668,Mühleberg
668,Mühleberg
670,Neuenegg
662,Ferenbalm
668,Mühleberg
2262,Gurmels
662,Ferenbalm
662,Ferenbalm
2262,Gurmels
662,Ferenbalm
662,Ferenbalm
662,Ferenbalm
671,Wileroltigen
2265,Kerzers
664,Golaten
2265,Kerzers
665,Gurbrü
665,Gurbrü
2265,Kerzers
2262,Gurmels
2262,Gurmels
2262,Gurmels
2266,Kleinbösingen
2278,Ulmiz
2260,Gempenach
2275,Murten
2275,Murten
2276,Ried bei Kerzers
2276,Ried bei Kerzers
498,Müntschemier
304,Kallnach
500,Treiten
492,Erlach
496,Ins
492,Erlach
501,Tschugg
502,Vinelz
492,Erlach
494,Gals
756,Twann-Tüscherz
495,Gampelen
496,Ins
491,Brüttelen
494,Gals
301,Aarberg
305,Kappelen
306,Lyss
310,Rapperswil (BE)
394,Wengi
310,Rapperswil (BE)
305,Kappelen
755,Worben
2461,Schnottwil
310,Rapperswil (BE)
2457,Messen
2457,Messen
310,Rapperswil (BE)
310,Rapperswil (BE)
310,Rapperswil (BE)
310,Rapperswil (BE)
303,Grossaffoltern
303,Grossaffoltern
303,Grossaffoltern
382,Büetigen
385,Diessbach bei Büren
312,Seedorf (BE)
301,Aarberg
312,Seedorf (BE)
312,Seedorf (BE)
301,Aarberg
312,Seedorf (BE)
309,Radelfingen
754,Walperswil
735,Epsach
301,Aarberg
305,Kappelen
737,Hermrigen
734,Bühl
741,Merzligen
2250,Courgevaux
2271,Meyriez
2275,Murten
2271,Meyriez
2261,Greng
302,Bargen (BE)
302,Bargen (BE)
304,Kallnach
304,Kallnach
2258,Fräschels
2259,Galmiz
2275,Murten
2274,Muntelier
306,Lyss
386,Dotzigen
383,Büren an der Aare
386,Dotzigen
389,Meienried
393,Rüti bei Büren
381,Arch
388,Leuzigen
391,Oberwil bei Büren
544,Moosseedorf
540,Jegenstorf
540,Jegenstorf
557,Zuzwil (BE)
540,Jegenstorf
541,Iffwil
540,Jegenstorf
538,Fraubrunnen
2457,Messen
538,Fraubrunnen
411,Kernenried
538,Fraubrunnen
538,Fraubrunnen
538,Fraubrunnen
533,Bätterkinden
538,Fraubrunnen
533,Bätterkinden
533,Bätterkinden
538,Fraubrunnen
538,Fraubrunnen
543,Mattstetten
544,Moosseedorf
551,Urtenen-Schönbühl
543,Mattstetten
403,Bäriswil
409,Hindelbank
416,Mötschwil
409,Hindelbank
414,Krauchthal
416,Mötschwil
352,Bolligen
414,Krauchthal
979,Herzogenbuchsee
982,Niederönz
979,Herzogenbuchsee
988,Seeberg
988,Seeberg
973,Bettenhausen
973,Bettenhausen
989,Thörigen
985,Ochlenberg
324,Bleienbach
331,Lotzwil
977,Heimenhausen
977,Heimenhausen
977,Heimenhausen
993,Wangenried
980,Inkwil
976,Graben
972,Berken
991,Walliswil bei Wangen
992,Wangen an der Aare
995,Wiedlisbach
990,Walliswil bei Niederbipp
404,Burgdorf
412,Kirchberg (BE)
407,Heimiswil
404,Burgdorf
407,Heimiswil
951,Affoltern im Emmental
404,Burgdorf
418,Oberburg
955,Lützelflüh
406,Hasle bei Burgdorf
406,Hasle bei Burgdorf
407,Heimiswil
955,Lützelflüh
956,Rüegsau
407,Heimiswil
951,Affoltern im Emmental
956,Rüegsau
957,Sumiswald
956,Rüegsau
407,Heimiswil
951,Affoltern im Emmental
955,Lützelflüh
956,Rüegsau
406,Hasle bei Burgdorf
955,Lützelflüh
415,Lyssach
416,Mötschwil
418,Oberburg
422,Rüti bei Lyssach
405,Ersigen
412,Kirchberg (BE)
420,Rüdtligen-Alchenflüh
420,Rüdtligen-Alchenflüh
405,Ersigen
405,Ersigen
405,Ersigen
405,Ersigen
413,Koppigen
423,Willadingen
401,Aefligen
552,Utzenstorf
554,Wiler bei Utzenstorf
554,Wiler bei Utzenstorf
410,Höchstetten
408,Hellsau
406,Hasle bei Burgdorf
905,Rüderswil
955,Lützelflüh
406,Hasle bei Burgdorf
905,Rüderswil
955,Lützelflüh
613,Landiswil
955,Lützelflüh
613,Landiswil
903,Lauperswil
955,Lützelflüh
903,Lauperswil
905,Rüderswil
905,Rüderswil
903,Lauperswil
905,Rüderswil
905,Rüderswil
955,Lützelflüh
955,Lützelflüh
905,Rüderswil
955,Lützelflüh
958,Trachselwald
955,Lützelflüh
956,Rüegsau
957,Sumiswald
957,Sumiswald
955,Lützelflüh
958,Trachselwald
957,Sumiswald
960,Wyssachen
951,Affoltern im Emmental
957,Sumiswald
951,Affoltern im Emmental
952,Dürrenroth
959,Walterswil (BE)
424,Wynigen
951,Affoltern im Emmental
952,Dürrenroth
959,Walterswil (BE)
952,Dürrenroth
404,Burgdorf
407,Heimiswil
424,Wynigen
405,Ersigen
421,Rumendingen
402,Alchenstorf
424,Wynigen
988,Seeberg
988,Seeberg
988,Seeberg
985,Ochlenberg
988,Seeberg
989,Thörigen
612,Konolfingen
617,Niederhünigen
629,Oberhünigen
608,Grosshöchstetten
615,Mirchel
620,Oberthal
628,Zäziwil
602,Arni (BE)
603,Biglen
602,Arni (BE)
613,Landiswil
620,Oberthal
612,Konolfingen
607,Freimettigen
609,Häutligen
632,Wichtrach
626,Walkringen
359,Vechigen
406,Hasle bei Burgdorf
626,Walkringen
605,Bowil
620,Oberthal
628,Zäziwil
628,Zäziwil
629,Oberhünigen
615,Mirchel
629,Oberhünigen
605,Bowil
628,Zäziwil
629,Oberhünigen
904,Röthenbach im Emmental
605,Bowil
907,Signau
902,Langnau im Emmental
907,Signau
901,Eggiwil
901,Eggiwil
904,Röthenbach im Emmental
908,Trub
909,Trubschachen
605,Bowil
614,Linden
904,Röthenbach im Emmental
902,Langnau im Emmental
903,Lauperswil
907,Signau
901,Eggiwil
902,Langnau im Emmental
903,Lauperswil
902,Langnau im Emmental
903,Lauperswil
958,Trachselwald
902,Langnau im Emmental
908,Trub
902,Langnau im Emmental
902,Langnau im Emmental
908,Trub
909,Trubschachen
1010,Escholzmatt-Marbach
908,Trub
909,Trubschachen
908,Trub
929,Hilterfingen
942,Thun
942,Thun
942,Thun
942,Thun
925,Fahrni
937,Schwendibach
939,Steffisburg
942,Thun
928,Heimberg
939,Steffisburg
923,Buchholterberg
945,Unterlangenegg
614,Linden
904,Röthenbach im Emmental
923,Buchholterberg
924,Eriz
935,Oberlangenegg
945,Unterlangenegg
925,Fahrni
939,Steffisburg
901,Eggiwil
904,Röthenbach im Emmental
923,Buchholterberg
935,Oberlangenegg
946,Wachseldorn
924,Eriz
932,Horrenbach-Buchen
938,Sigriswil
924,Eriz
932,Horrenbach-Buchen
931,Homberg
938,Sigriswil
940,Teuffenthal (BE)
932,Horrenbach-Buchen
932,Horrenbach-Buchen
942,Thun
931,Homberg
937,Schwendibach
927,Heiligenschwendi
929,Hilterfingen
929,Hilterfingen
942,Thun
928,Heimberg
939,Steffisburg
885,Uttigen
611,Kiesen
872,Kirchdorf (BE)
622,Oppligen
868,Jaberg
770,Stocken-Höfen
770,Stocken-Höfen
770,Stocken-Höfen
921,Amsoldingen
941,Thierachern
941,Thierachern
941,Thierachern
943,Uebeschi
941,Thierachern
948,Forst-Längenbühl
948,Forst-Längenbühl
922,Blumenstein
936,Pohlern
768,Spiez
942,Thun
947,Zwieselberg
768,Spiez
767,Reutigen
929,Hilterfingen
934,Oberhofen am Thunersee
934,Oberhofen am Thunersee
934,Oberhofen am Thunersee
938,Sigriswil
938,Sigriswil
938,Sigriswil
938,Sigriswil
938,Sigriswil
938,Sigriswil
938,Sigriswil
944,Uetendorf
883,Seftigen
867,Gurzelen
948,Forst-Längenbühl
863,Burgistein
867,Gurzelen
879,Riggisberg
886,Wattenwil
863,Burgistein
886,Wattenwil
948,Forst-Längenbühl
606,Brenzikofen
928,Heimberg
610,Herbligen
614,Linden
619,Oberdiessbach
619,Oberdiessbach
605,Bowil
614,Linden
629,Oberhünigen
619,Oberdiessbach
923,Buchholterberg
768,Spiez
562,Aeschi bei Spiez
768,Spiez
562,Aeschi bei Spiez
562,Aeschi bei Spiez
562,Aeschi bei Spiez
566,Krattigen
768,Spiez
768,Spiez
575,Därligen
585,Leissigen
575,Därligen
562,Aeschi bei Spiez
769,Wimmis
562,Aeschi bei Spiez
567,Reichenbach im Kandertal
563,Frutigen
567,Reichenbach im Kandertal
563,Frutigen
567,Reichenbach im Kandertal
561,Adelboden
563,Frutigen
563,Frutigen
564,Kandergrund
564,Kandergrund
565,Kandersteg
567,Reichenbach im Kandertal
567,Reichenbach im Kandertal
563,Frutigen
561,Adelboden
563,Frutigen
769,Wimmis
762,Diemtigen
762,Diemtigen
763,Erlenbach im Simmental
762,Diemtigen
762,Diemtigen
762,Diemtigen
763,Erlenbach im Simmental
763,Erlenbach im Simmental
761,Därstetten
761,Därstetten
766,Oberwil im Simmental
766,Oberwil im Simmental
766,Oberwil im Simmental
791,Boltigen
791,Boltigen
794,Zweisimmen
794,Zweisimmen
793,St. Stephan
792,Lenk
793,St. Stephan
792,Lenk
794,Zweisimmen
794,Zweisimmen
843,Saanen
843,Saanen
843,Saanen
843,Saanen
842,Lauenen
843,Saanen
841,Gsteig
841,Gsteig
843,Saanen
577,Gsteigwiler
581,Interlaken
593,Unterseen
587,Matten bei Interlaken
594,Wilderswil
571,Beatenberg
6058,Fieschertal
571,Beatenberg
579,Habkern
590,Ringgenberg (BE)
572,Bönigen
582,Iseltwald
594,Wilderswil
577,Gsteigwiler
591,Saxeten
577,Gsteigwiler
578,Gündlischwand
594,Wilderswil
578,Gündlischwand
586,Lütschental
576,Grindelwald
576,Grindelwald
584,Lauterbrunnen
584,Lauterbrunnen
584,Lauterbrunnen
576,Grindelwald
584,Lauterbrunnen
584,Lauterbrunnen
584,Lauterbrunnen
584,Lauterbrunnen
584,Lauterbrunnen
590,Ringgenberg (BE)
588,Niederried b. Interlaken
589,Oberried am Brienzersee
573,Brienz (BE)
589,Oberried am Brienzersee
573,Brienz (BE)
592,Schwanden bei Brienz
573,Brienz (BE)
574,Brienzwiler
785,Meiringen
785,Meiringen
580,Hofstetten bei Brienz
785,Meiringen
786,Schattenhalb
785,Meiringen
786,Schattenhalb
785,Meiringen
784,Innertkirchen
784,Innertkirchen
782,Guttannen
6002,Brig-Glis
6008,Ried-Brig
6010,Termen
6002,Brig-Glis
6002,Brig-Glis
6008,Ried-Brig
6002,Brig-Glis
6007,Naters
6007,Naters
6007,Naters
6288,Saas-Almagell
6290,Saas-Fee
6009,Simplon
6009,Simplon
6009,Simplon
6011,Zwischbergen
6289,Saas-Balen
6290,Saas-Fee
6291,Saas-Grund
6008,Ried-Brig
6010,Termen
6010,Termen
6007,Naters
6007,Naters
6195,Ferden
6197,Kippel
6195,Ferden
6202,Wiler (Lötschen)
6192,Blatten
6300,Zermatt
6293,Stalden (VS)
6298,Visperterminen
6283,Embd
6282,Eisten
6296,Törbel
6292,St. Niklaus
6285,Grächen
6283,Embd
6292,St. Niklaus
6287,Randa
6295,Täsch
6297,Visp
6298,Visperterminen
6297,Visp
6286,Lalden
6298,Visperterminen
6294,Staldenried
6299,Zeneggen
6193,Bürchen
6281,Baltschieder
6191,Ausserberg
6004,Eggerberg
6204,Steg-Hohtenn
6198,Niedergesteln
6199,Raron
6198,Niedergesteln
6199,Raron
6194,Eischoll
6201,Unterbäch
6118,Gampel-Bratsch
6119,Turtmann-Unterems
6110,Leuk
6118,Gampel-Bratsch
6119,Turtmann-Unterems
6104,Ergisch
6119,Turtmann-Unterems
6104,Ergisch
6119,Turtmann-Unterems
6112,Oberems
6204,Steg-Hohtenn
6101,Agarn
6110,Leuk
6110,Leuk
6109,Inden
6116,Varen
6111,Leukerbad
6102,Albinen
6102,Albinen
6117,Guttet-Feschel
6110,Leuk
6118,Gampel-Bratsch
6248,Sierre
6253,Crans-Montana
6253,Crans-Montana
6252,Anniviers
6248,Sierre
6252,Anniviers
6252,Anniviers
6252,Anniviers
6252,Anniviers
6252,Anniviers
6252,Anniviers
6252,Anniviers
6252,Anniviers
6239,Icogne
6240,Lens
6253,Crans-Montana
6253,Crans-Montana
6253,Crans-Montana
6235,Chippis
6248,Sierre
6232,Chalais
6248,Sierre
6232,Chalais
6248,Sierre
6232,Chalais
6250,Veyras
6110,Leuk
6113,Salgesch
6253,Crans-Montana
6253,Crans-Montana
6240,Lens
6248,Sierre
6253,Crans-Montana
6241,Miège
6253,Crans-Montana
6249,Venthône
6253,Crans-Montana
6253,Crans-Montana
6253,Crans-Montana
6248,Sierre
6253,Crans-Montana
6253,Crans-Montana
6248,Sierre
6240,Lens
6238,Grône
6010,Termen
6173,Bitsch
6181,Riederalp
6203,Mörel-Filet
6205,Bettmeralp
6172,Bister
6203,Mörel-Filet
6181,Riederalp
6181,Riederalp
6057,Fiesch
6058,Fieschertal
6077,Goms
6077,Goms
6181,Riederalp
6181,Riederalp
6076,Obergoms
6076,Obergoms
6077,Goms
6077,Goms
6077,Goms
6077,Goms
6077,Goms
6205,Bettmeralp
6205,Bettmeralp
6177,Grengiols
6061,Lax
6205,Bettmeralp
6056,Ernen
6056,Ernen
6056,Ernen
6056,Ernen
6054,Binn
6052,Bellwald
6077,Goms
6077,Goms
6076,Obergoms
2701,Basel
2701,Basel
2701,Basel
2769,Münchenstein
2701,Basel
2765,Binningen
2701,Basel
2701,Basel
2701,Basel
2701,Basel
2701,Basel
2703,Riehen
2701,Basel
2765,Binningen
2767,Bottmingen
2765,Binningen
2767,Bottmingen
2767,Bottmingen
2771,Oberwil (BL)
2764,Biel-Benken
2775,Therwil
2768,Ettingen
2481,Witterswil
2471,Bättwil
2481,Witterswil
2476,Hofstetten-Flüh
2476,Hofstetten-Flüh
2476,Hofstetten-Flüh
2477,Metzerlen-Mariastein
2477,Metzerlen-Mariastein
2783,Burg im Leimental
2479,Rodersdorf
2762,Allschwil
2774,Schönenbuch
2703,Riehen
2702,Bettingen
2766,Birsfelden
2770,Muttenz
2770,Muttenz
2770,Muttenz
2822,Augst
2824,Frenkendorf
2831,Pratteln
2769,Münchenstein
2770,Muttenz
2473,Dornach
2763,Arlesheim
2773,Reinach (BL)
2474,Gempen
2475,Hochwald
2761,Aesch (BL)
2772,Pfeffingen
2772,Pfeffingen
2761,Aesch (BL)
2769,Münchenstein
2773,Reinach (BL)
2775,Therwil
2761,Aesch (BL)
2785,Duggingen
2786,Grellingen
2480,Seewen
2618,Himmelried
2621,Nunningen
2480,Seewen
2883,Bretzwil
2621,Nunningen
2793,Zwingen
2781,Blauen
2789,Nenzlingen
2782,Brislach
2613,Breitenbach
2614,Büsserach
2615,Erschwil
2428,Mümliswil-Ramiswil
2612,Beinwil (SO)
2889,Lauwil
2616,Fehren
2615,Erschwil
2620,Meltingen
2622,Zullwil
2782,Brislach
2787,Laufen
2793,Zwingen
2784,Dittingen
2791,Röschenz
2619,Kleinlützel
2790,Roggenburg
2787,Laufen
2792,Wahlen
2617,Grindel
2611,Bärschwil
2787,Laufen
2611,Bärschwil
2788,Liesberg
2788,Liesberg
2822,Augst
2831,Pratteln
2822,Augst
2826,Giebenach
4252,Kaiseraugst
2826,Giebenach
2821,Arisdorf
4253,Magden
4257,Olsberg
4258,Rheinfelden
4253,Magden
4254,Möhlin
4258,Rheinfelden
4263,Zeiningen
4263,Zeiningen
4264,Zuzgen
4251,Hellikon
4262,Wegenstetten
4255,Mumpf
4261,Wallbach
4263,Zeiningen
4256,Obermumpf
4259,Schupfart
4260,Stein (AG)
4172,Münchwilen (AG)
4161,Eiken
4177,Sisseln
2824,Frenkendorf
2831,Pratteln
2823,Bubendorf
2829,Liestal
2833,Seltisberg
2478,Nuglar-St. Pantaleon
2833,Seltisberg
2472,Büren (SO)
2825,Füllinsdorf
2828,Lausen
2829,Liestal
2823,Bubendorf
2834,Ziefen
2428,Mümliswil-Ramiswil
2889,Lauwil
2893,Reigoldswil
2895,Waldenburg
2830,Lupsingen
2478,Nuglar-St. Pantaleon
2821,Arisdorf
2829,Liestal
2827,Hersberg
2881,Arboldswil
2891,Niederdorf
2881,Arboldswil
2894,Titterten
2889,Lauwil
2882,Bennwil
2891,Niederdorf
2887,Lampenberg
2832,Ramlinsburg
2882,Bennwil
2886,Hölstein
2891,Niederdorf
2892,Oberdorf (BL)
2891,Niederdorf
2892,Oberdorf (BL)
2890,Liedertswil
2892,Oberdorf (BL)
2892,Oberdorf (BL)
2895,Waldenburg
2425,Holderbank (SO)
2579,Hägendorf
2888,Langenbruck
2895,Waldenburg
2864,Thürnen
2845,Diepflingen
2867,Wittinsburg
2863,Tenniken
2867,Wittinsburg
2843,Buckten
2846,Gelterkinden
2859,Rümlingen
2867,Wittinsburg
2843,Buckten
2847,Häfelfingen
2843,Buckten
2852,Läufelfingen
2843,Buckten
2850,Känerkinden
2884,Diegten
2847,Häfelfingen
2852,Läufelfingen
2884,Diegten
2842,Böckten
2849,Itingen
2861,Sissach
2864,Thürnen
2853,Maisprach
2866,Wintersingen
2828,Lausen
2849,Itingen
2854,Nusshof
2869,Zunzgen
2863,Tenniken
2884,Diegten
2882,Bennwil
2884,Diegten
2886,Hölstein
2852,Läufelfingen
2885,Eptingen
2846,Gelterkinden
2856,Ormalingen
2842,Böckten
2844,Buus
2857,Rickenbach (BL)
2844,Buus
2853,Maisprach
2848,Hemmiken
2856,Ormalingen
4251,Hellikon
2848,Hemmiken
2856,Ormalingen
2858,Rothenfluh
2492,Kienberg
2841,Anwil
2862,Tecknau
2865,Wenslingen
2851,Kilchberg (BL)
2855,Oltingen
2865,Wenslingen
2855,Oltingen
2865,Wenslingen
2868,Zeglingen
2851,Kilchberg (BL)
2860,Rünenberg
2513,Biberist
2542,Bellach
2550,Langendorf
2555,Rüttenen
2601,Solothurn
2542,Bellach
2551,Lommiswil
2550,Langendorf
2551,Lommiswil
2553,Oberdorf (SO)
2553,Oberdorf (SO)
2553,Oberdorf (SO)
2555,Rüttenen
2554,Riedholz
2547,Günsberg
2541,Balm bei Günsberg
2541,Balm bei Günsberg
2541,Balm bei Günsberg
2513,Biberist
2534,Zuchwil
2544,Feldbrunnen-St. Niklaus
2555,Rüttenen
2554,Riedholz
2545,Flumenthal
2548,Hubersdorf
2549,Kammersrohr
971,Attiswil
992,Wangen an der Aare
995,Wiedlisbach
983,Oberbipp
987,Rumisberg
975,Farnern
2516,Deitingen
2527,Luterbach
2516,Deitingen
2545,Flumenthal
2517,Derendingen
2527,Luterbach
2532,Subingen
2518,Etziken
2524,Hüniken
982,Niederönz
2511,Aeschi (SO)
2514,Bolken
2511,Aeschi (SO)
2511,Aeschi (SO)
2523,Horriwil
2535,Drei Höfe
2535,Drei Höfe
2535,Drei Höfe
2513,Biberist
2519,Gerlafingen
2525,Kriegstetten
2528,Obergerlafingen
2528,Obergerlafingen
556,Zielebach
2530,Recherswil
2525,Kriegstetten
2520,Halten
2529,Oekingen
2455,Lüterkofen-Ichertswil
2455,Lüterkofen-Ichertswil
533,Bätterkinden
2526,Lohn-Ammannsegg
2464,Lüsslingen-Nennigkofen
2556,Selzach
2464,Lüsslingen-Nennigkofen
2513,Biberist
2465,Buchegg
2465,Buchegg
2465,Buchegg
2465,Buchegg
2465,Buchegg
2465,Buchegg
2465,Buchegg
2465,Buchegg
2456,Lüterswil-Gächliwil
2456,Lüterswil-Gächliwil
2445,Biezwil
2465,Buchegg
2465,Buchegg
2463,Unterramsern
2465,Buchegg
2457,Messen
2500,Trimbach
2581,Olten
2584,Starrkirch-Wil
2586,Wangen bei Olten
2582,Rickenbach (SO)
2578,Gunzgen
2579,Hägendorf
2579,Hägendorf
2578,Gunzgen
2580,Kappel (SO)
2578,Gunzgen
2571,Boningen
2580,Kappel (SO)
2401,Egerkingen
2404,Neuendorf
2402,Härkingen
2406,Oberbuchsiten
2405,Niederbuchsiten
2408,Wolfwil
2575,Fulenbach
2491,Hauenstein-Ifenthal
2500,Trimbach
2586,Wangen bei Olten
2491,Hauenstein-Ifenthal
2493,Lostorf
2500,Trimbach
2502,Wisen (SO)
2852,Läufelfingen
2501,Winznau
2497,Obergösgen
2493,Lostorf
2501,Winznau
2499,Stüsslingen
2498,Rohr (SO)
2499,Stüsslingen
2584,Starrkirch-Wil
4280,Oftringen
2573,Dulliken
2584,Starrkirch-Wil
2572,Däniken
2576,Gretzenbach
4271,Aarburg
4271,Aarburg
4280,Oftringen
2407,Oensingen
2403,Kestenholz
981,Niederbipp
996,Wolfisberg
2407,Oensingen
2422,Balsthal
2426,Laupersdorf
2427,Matzendorf
2421,Aedermannsdorf
2424,Herbetswil
2429,Welschenrohr
691,Crémines
2423,Gänsbrunnen
2421,Aedermannsdorf
2422,Balsthal
2426,Laupersdorf
2427,Matzendorf
2428,Mümliswil-Ramiswil
2406,Oberbuchsiten
2425,Holderbank (SO)
2421,Aedermannsdorf
2428,Mümliswil-Ramiswil
2889,Lauwil
4280,Oftringen
4289,Zofingen
4282,Rothrist
4285,Strengelbach
4274,Brittnau
4287,Vordemwald
4274,Brittnau
1147,Wikon
4286,Uerkheim
4289,Zofingen
4273,Bottenwil
4276,Kölliken
4286,Uerkheim
4273,Bottenwil
4289,Zofingen
4282,Rothrist
4287,Vordemwald
345,Wynau
4279,Murgenthal
4279,Murgenthal
4279,Murgenthal
329,Langenthal
341,Schwarzhäusern
321,Aarwangen
323,Bannwil
323,Bannwil
337,Roggwil (BE)
4279,Murgenthal
1139,Pfaffnau
4279,Murgenthal
329,Langenthal
333,Melchnau
325,Busswil bei Melchnau
332,Madiswil
336,Reisiswil
321,Aarwangen
342,Thunstetten
342,Thunstetten
345,Wynau
329,Langenthal
334,Obersteckholz
331,Lotzwil
332,Madiswil
340,Rütschelen
332,Madiswil
332,Madiswil
332,Madiswil
344,Ursenbach
344,Ursenbach
322,Auswil
338,Rohrbach
339,Rohrbachgraben
954,Huttwil
344,Ursenbach
952,Dürrenroth
959,Walterswil (BE)
335,Oeschenbach
344,Ursenbach
959,Walterswil (BE)
988,Seeberg
322,Auswil
954,Huttwil
953,Eriswil
954,Huttwil
957,Sumiswald
1135,Luthern
1145,Ufhusen
954,Huttwil
960,Wyssachen
957,Sumiswald
960,Wyssachen
326,Gondiswil
1145,Ufhusen
4001,Aarau
4012,Suhr
4001,Aarau
2583,Schönenwerd
2574,Eppenberg-Wöschnau
2574,Eppenberg-Wöschnau
2495,Niedergösgen
2576,Gretzenbach
2503,Erlinsbach (SO)
2503,Erlinsbach (SO)
4005,Erlinsbach (AG)
4005,Erlinsbach (AG)
4008,Küttigen
4002,Biberstein
4008,Küttigen
4004,Densbüren
4004,Densbüren
4166,Herznach
4179,Ueken
4001,Aarau
4003,Buchs (AG)
4012,Suhr
4013,Unterentfelden
4010,Oberentfelden
4009,Muhen
4144,Schöftland
4007,Hirschthal
4136,Holziken
4142,Schlossrued
4135,Gontenschwil
4143,Schmiedrued
4143,Schmiedrued
4284,Staffelbach
4284,Staffelbach
4275,Kirchleerau
4277,Moosleerau
4272,Attelwil
4281,Reitnau
4288,Wiliberg
4173,Oberhof
4165,Gipf-Oberfrick
4182,Wölflinswil
4181,Wittnau
4163,Frick
4175,Oeschgen
4165,Gipf-Oberfrick
4161,Eiken
4167,Hornussen
4094,Bözen
4097,Elfingen
4096,Effingen
4096,Effingen
4183,Zeihen
4169,Kaisten
4170,Laufenburg
4169,Kaisten
4169,Kaisten
4170,Laufenburg
4170,Laufenburg
4206,Rupperswil
4203,Möriken-Wildegg
4204,Niederlenz
4206,Rupperswil
4203,Möriken-Wildegg
4091,Auenstein
4120,Veltheim (AG)
4125,Schinznach
4125,Schinznach
4117,Thalheim (AG)
4199,Holderbank (AG)
4114,Schinznach-Bad
4095,Brugg
4112,Rüfenach
4095,Brugg
4100,Hausen (AG)
4123,Windisch
4100,Hausen (AG)
4122,Villnachern
4095,Brugg
4122,Villnachern
4111,Riniken
4124,Bözberg
4121,Villigen
4121,Villigen
4112,Rüfenach
4110,Remigen
4124,Bözberg
4106,Mönthal
4124,Bözberg
4092,Birr
4104,Lupfig
4107,Mülligen
4093,Birrhard
4099,Habsburg
4104,Lupfig
4164,Gansingen
4184,Mettauertal
4184,Mettauertal
4184,Mettauertal
4184,Mettauertal
4184,Mettauertal
4042,Turgi
4044,Untersiggenthal
4044,Untersiggenthal
4047,Würenlingen
4305,Endingen
4305,Endingen
4320,Tegerfelden
4304,Döttingen
4309,Klingnau
4303,Böttstein
4303,Böttstein
4313,Leuggern
4313,Leuggern
4105,Mandach
4309,Klingnau
4310,Koblenz
4316,Rietheim
4307,Full-Reuenthal
4311,Leibstadt
4176,Schwaderloch
4184,Mettauertal
4323,Bad Zurzach
4315,Rekingen (AG)
4301,Baldingen
4302,Böbikon
4021,Baden
4021,Baden
4021,Baden
4027,Fislisbach
4021,Baden
4024,Birmenstorf (AG)
4026,Ennetbaden
4029,Gebenstorf
4029,Gebenstorf
4024,Birmenstorf (AG)
4038,Obersiggenthal
4038,Obersiggenthal
4038,Obersiggenthal
4038,Obersiggenthal
4044,Untersiggenthal
4044,Untersiggenthal
4049,Ehrendingen
4028,Freienwil
4318,Schneisingen
4312,Lengnau (AG)
4045,Wettingen
4034,Neuenhof
4048,Würenlos
4027,Fislisbach
4035,Niederrohrdorf
4031,Künten
4066,Eggenwil
4037,Oberrohrdorf
4039,Remetschwil
4022,Bellikon
93,Oberweningen
4319,Siglistorf
4322,Wislikofen
4317,Rümikon
4314,Mellikon
4308,Kaiserstuhl
4306,Fisibach
4200,Hunzenschwil
4207,Schafisheim
4205,Othmarsingen
4193,Brunegg
4032,Mägenwil
4046,Wohlenschwil
4033,Mellingen
4046,Wohlenschwil
4068,Hägglingen
4077,Tägerig
4072,Niederwil (AG)
4072,Niederwil (AG)
4067,Fischbach-Göslikon
4201,Lenzburg
4191,Ammerswil
4210,Staufen
4198,Hendschiken
4205,Othmarsingen
4065,Dottikon
4080,Villmergen
4194,Dintikon
4068,Hägglingen
4041,Stetten (AG)
4080,Villmergen
4082,Wohlen (AG)
4080,Villmergen
4082,Wohlen (AG)
4080,Villmergen
4080,Villmergen
4076,Sarmenstorf
4196,Fahrwangen
4202,Meisterschwanden
4202,Meisterschwanden
4202,Meisterschwanden
4076,Sarmenstorf
4227,Bettwil
4064,Büttikon
4078,Uezwil
4063,Bremgarten (AG)
4062,Berikon
4083,Zufikon
4240,Waltenschwil
4228,Boswil
4228,Boswil
4229,Bünzen
4229,Bünzen
4233,Kallern
4063,Bremgarten (AG)
4226,Besenbüren
4222,Aristau
4222,Aristau
4228,Boswil
4236,Muri (AG)
4227,Bettwil
4228,Boswil
4230,Buttwil
4234,Merenschwand
4234,Merenschwand
4223,Auw
4224,Beinwil (Freiamt)
4232,Geltwil
1703,Hünenberg
4223,Auw
4235,Mühlau
4239,Sins
4239,Sins
4223,Auw
4239,Sins
4223,Auw
4239,Sins
4239,Sins
4239,Sins
4221,Abtwil
4237,Oberrüti
4204,Niederlenz
4195,Egliswil
4209,Seon
4195,Egliswil
4197,Hallwil
4192,Boniswil
4208,Seengen
4132,Birrwil
4192,Boniswil
4131,Beinwil am See
4006,Gränichen
4146,Unterkulm
4006,Gränichen
4145,Teufenthal (AG)
4146,Unterkulm
4134,Dürrenäsch
4145,Teufenthal (AG)
4138,Leutwil
4134,Dürrenäsch
4146,Unterkulm
4140,Oberkulm
4135,Gontenschwil
4147,Zetzwil
4137,Leimbach (AG)
4141,Reinach (AG)
1097,Rickenbach (LU)
4133,Burg (AG)
4139,Menziken
4276,Kölliken
4283,Safenwil
2573,Dulliken
2585,Walterswil (SO)
1061,Luzern
1061,Luzern
1054,Ebikon
1061,Luzern
1058,Horw
1059,Kriens
1061,Luzern
1058,Horw
1054,Ebikon
1061,Luzern
1063,Meggen
1059,Kriens
1401,Alpnach
1507,Hergiswil (NW)
1059,Kriens
1059,Kriens
1066,Schwarzenberg
1507,Hergiswil (NW)
1061,Luzern
1062,Malters
1061,Luzern
1061,Luzern
1062,Malters
1093,Neuenkirch
1098,Ruswil
1098,Ruswil
1083,Buttisholz
1095,Oberkirch
1098,Ruswil
1062,Malters
1098,Ruswil
1024,Emmen
1054,Ebikon
1061,Luzern
1083,Buttisholz
1086,Grosswangen
1040,Rothenburg
1093,Neuenkirch
1088,Hildisrieden
1081,Beromünster
1026,Eschenbach (LU)
1037,Rain
1039,Römerswil
1040,Rothenburg
1039,Römerswil
1039,Römerswil
1081,Beromünster
1051,Adligenswil
1052,Buchrain
1054,Ebikon
1024,Emmen
1054,Ebikon
1052,Buchrain
1023,Ballwil
1026,Eschenbach (LU)
1033,Inwil
4231,Dietwil
4239,Sins
1052,Buchrain
1065,Root
1053,Dierikon
1065,Root
1033,Inwil
1055,Gisikon
1065,Root
1057,Honau
1065,Root
4231,Dietwil
1051,Adligenswil
1065,Root
1067,Udligenswil
1063,Meggen
1058,Horw
1058,Horw
1059,Kriens
1058,Horw
1507,Hergiswil (NW)
1401,Alpnach
1401,Alpnach
1407,Sarnen
1407,Sarnen
1407,Sarnen
1407,Sarnen
1407,Sarnen
1404,Kerns
1404,Kerns
1404,Kerns
1406,Sachseln
1404,Kerns
1406,Sachseln
1406,Sachseln
1403,Giswil
1406,Sachseln
1405,Lungern
1405,Lungern
783,Hasliberg
783,Hasliberg
783,Hasliberg
783,Hasliberg
1062,Malters
1066,Schwarzenberg
1002,Entlebuch
1009,Werthenstein
1098,Ruswil
1009,Werthenstein
1098,Ruswil
1001,Doppleschwand
1002,Entlebuch
1009,Werthenstein
1098,Ruswil
1107,Wolhusen
1136,Menznau
1007,Romoos
1136,Menznau
1001,Doppleschwand
1007,Romoos
1107,Wolhusen
1107,Wolhusen
1136,Menznau
1151,Willisau
1136,Menznau
1132,Hergiswil bei Willisau
1136,Menznau
1151,Willisau
1151,Willisau
1132,Hergiswil bei Willisau
1136,Menznau
1151,Willisau
1132,Hergiswil bei Willisau
1151,Willisau
1132,Hergiswil bei Willisau
1151,Willisau
1130,Gettnau
1130,Gettnau
1143,Schötz
1126,Ebersecken
1150,Zell (LU)
1151,Willisau
1129,Fischbach
333,Melchnau
1131,Grossdietwil
333,Melchnau
1122,Altbüron
1131,Grossdietwil
1139,Pfaffnau
1129,Fischbach
1150,Zell (LU)
1135,Luthern
1145,Ufhusen
1150,Zell (LU)
1135,Luthern
1151,Willisau
1132,Hergiswil bei Willisau
1135,Luthern
1151,Willisau
1135,Luthern
1002,Entlebuch
1005,Hasle (LU)
1002,Entlebuch
1002,Entlebuch
1005,Hasle (LU)
1002,Entlebuch
1002,Entlebuch
1005,Hasle (LU)
1007,Romoos
1007,Romoos
1004,Flühli
1007,Romoos
1008,Schüpfheim
1010,Escholzmatt-Marbach
1004,Flühli
1010,Escholzmatt-Marbach
1004,Flühli
1010,Escholzmatt-Marbach
1004,Flühli
1010,Escholzmatt-Marbach
1010,Escholzmatt-Marbach
901,Eggiwil
906,Schangnau
924,Eriz
1004,Flühli
1010,Escholzmatt-Marbach
1093,Neuenkirch
1093,Neuenkirch
1102,Sempach
1084,Eich
1024,Emmen
1040,Rothenburg
1093,Neuenkirch
1098,Ruswil
1093,Neuenkirch
1094,Nottwil
1095,Oberkirch
1098,Ruswil
1095,Oberkirch
1091,Mauensee
1095,Oberkirch
1099,Schenkon
1103,Sursee
1125,Dagmersellen
1089,Knutwil
1091,Mauensee
1089,Knutwil
1104,Triengen
1084,Eich
1099,Schenkon
1081,Beromünster
1081,Beromünster
1091,Mauensee
1095,Oberkirch
1128,Ettiswil
1128,Ettiswil
1081,Beromünster
1097,Rickenbach (LU)
1081,Beromünster
1099,Schenkon
1100,Schlierbach
1085,Geuensee
1082,Büron
1104,Triengen
1104,Triengen
1104,Triengen
1125,Dagmersellen
1104,Triengen
1091,Mauensee
1146,Wauwil
1127,Egolzwil
1123,Altishofen
1126,Ebersecken
1127,Egolzwil
1137,Nebikon
1126,Ebersecken
1131,Grossdietwil
1123,Altishofen
1125,Dagmersellen
1126,Ebersecken
1143,Schötz
1121,Alberswil
1151,Willisau
1125,Dagmersellen
1140,Reiden
1125,Dagmersellen
1140,Reiden
1125,Dagmersellen
1140,Reiden
1147,Wikon
1140,Reiden
1147,Wikon
1140,Reiden
1140,Reiden
1123,Altishofen
1140,Reiden
1139,Pfaffnau
4274,Brittnau
1139,Pfaffnau
1142,Roggliswil
1023,Ballwil
1026,Eschenbach (LU)
1031,Hochdorf
1023,Ballwil
1031,Hochdorf
1032,Hohenrain
4239,Sins
1032,Hohenrain
1032,Hohenrain
4223,Auw
1032,Hohenrain
1031,Hochdorf
1032,Hohenrain
1039,Römerswil
1031,Hochdorf
1039,Römerswil
1031,Hochdorf
1032,Hohenrain
1039,Römerswil
1030,Hitzkirch
1030,Hitzkirch
1030,Hitzkirch
1030,Hitzkirch
1022,Altwis
1021,Aesch (LU)
1041,Schongau
1030,Hitzkirch
1041,Schongau
1030,Hitzkirch
1030,Hitzkirch
1025,Ermensee
1030,Hitzkirch
1701,Baar
1708,Steinhausen
1711,Zug
1711,Zug
1701,Baar
1708,Steinhausen
1704,Menzingen
1705,Neuheim
1704,Menzingen
1704,Menzingen
1706,Oberägeri
1709,Unterägeri
1711,Zug
1701,Baar
1704,Menzingen
1709,Unterägeri
1711,Zug
1706,Oberägeri
1709,Unterägeri
1704,Menzingen
1706,Oberägeri
1371,Sattel
1706,Oberägeri
1711,Zug
1362,Arth
1710,Walchwil
1711,Zug
1701,Baar
1702,Cham
1708,Steinhausen
1711,Zug
1702,Cham
1703,Hünenberg
1702,Cham
1703,Hünenberg
1703,Hünenberg
1701,Baar
1705,Neuheim
4,Hausen am Albis
295,Horgen
1705,Neuheim
1707,Risch
1707,Risch
1707,Risch
1707,Risch
1064,Meierskappel
1701,Baar
1705,Neuheim
1056,Greppen
1069,Weggis
1068,Vitznau
1069,Weggis
1311,Gersau
1068,Vitznau
1069,Weggis
1362,Arth
1506,Ennetmoos
1510,Stansstad
1505,Ennetbürgen
1510,Stansstad
1510,Stansstad
1505,Ennetbürgen
1510,Stansstad
1510,Stansstad
1508,Oberdorf (NW)
1509,Stans
1508,Oberdorf (NW)
1506,Ennetmoos
1505,Ennetbürgen
1502,Buochs
1505,Ennetbürgen
1508,Oberdorf (NW)
1501,Beckenried
1501,Beckenried
1504,Emmetten
1215,Seelisberg
1504,Emmetten
1508,Oberdorf (NW)
1503,Dallenwil
1511,Wolfenschiessen
1508,Oberdorf (NW)
1511,Wolfenschiessen
1503,Dallenwil
1503,Dallenwil
1511,Wolfenschiessen
1511,Wolfenschiessen
1402,Engelberg
1511,Wolfenschiessen
1203,Attinghausen
1402,Engelberg
1511,Wolfenschiessen
1331,Küssnacht (SZ)
1331,Küssnacht (SZ)
1056,Greppen
1331,Küssnacht (SZ)
1362,Arth
1362,Arth
1362,Arth
1362,Arth
1311,Gersau
1362,Arth
1362,Arth
1362,Arth
1374,Steinerberg
1371,Sattel
1372,Schwyz
1706,Oberägeri
1370,Rothenthurm
1371,Sattel
1706,Oberägeri
1371,Sattel
1373,Steinen
1364,Ingenbohl
1372,Schwyz
1365,Lauerz
1361,Alpthal
1372,Schwyz
1361,Alpthal
1372,Schwyz
1366,Morschach
1367,Muotathal
1363,Illgau
1367,Muotathal
1367,Muotathal
1367,Muotathal
1372,Schwyz
1364,Ingenbohl
1366,Morschach
1215,Seelisberg
1311,Gersau
1366,Morschach
1217,Sisikon
1366,Morschach
1217,Sisikon
1369,Riemenstalden
1207,Flüelen
1201,Altdorf (UR)
1205,Bürglen (UR)
1207,Flüelen
1211,Isenthal
1214,Seedorf (UR)
1205,Bürglen (UR)
1205,Bürglen (UR)
1218,Spiringen
1219,Unterschächen
1204,Bauen
1213,Schattdorf
1203,Attinghausen
1205,Bürglen (UR)
1213,Schattdorf
1206,Erstfeld
1209,Gurtnellen
1216,Silenen
1209,Gurtnellen
1216,Silenen
1216,Silenen
1209,Gurtnellen
1216,Silenen
1209,Gurtnellen
1220,Wassen
1220,Wassen
1220,Wassen
1208,Göschenen
1202,Andermatt
1212,Realp
1210,Hospental
5002,Bellinzona
5002,Bellinzona
5002,Bellinzona
5002,Bellinzona
5002,Bellinzona
5002,Bellinzona
5017,Sant'Antonino
5113,Locarno
5138,Cugnasco-Gerra
5001,Arbedo-Castione
5002,Bellinzona
5002,Bellinzona
5002,Bellinzona
5002,Bellinzona
5287,Riviera
5287,Riviera
5002,Bellinzona
5017,Sant'Antonino
5001,Arbedo-Castione
5002,Bellinzona
5010,Lumino
5010,Lumino
3835,San Vittore
3834,Roveredo (GR)
3805,Castaneda
3832,Grono
3832,Grono
3805,Castaneda
3810,Santa Maria in Calanca
3804,Buseno
3837,Calanca
3837,Calanca
3837,Calanca
3808,Rossa
3837,Calanca
3808,Rossa
3808,Rossa
3834,Roveredo (GR)
3832,Grono
3831,Cama
3832,Grono
3821,Lostallo
3823,Soazza
3822,Mesocco
3822,Mesocco
5398,Gambarogno
5113,Locarno
5398,Gambarogno
5398,Gambarogno
5398,Gambarogno
5398,Gambarogno
5398,Gambarogno
5398,Gambarogno
5398,Gambarogno
5398,Gambarogno
5398,Gambarogno
5002,Bellinzona
5002,Bellinzona
5002,Bellinzona
5002,Bellinzona
5003,Cadenazzo
5017,Sant'Antonino
5003,Cadenazzo
5017,Sant'Antonino
5398,Gambarogno
5113,Locarno
5138,Cugnasco-Gerra
5398,Gambarogno
5112,Lavertezzo
5113,Locarno
5138,Cugnasco-Gerra
5108,Gordola
5113,Locarno
5138,Cugnasco-Gerra
5118,Minusio
5131,Tenero-Contra
5003,Cadenazzo
5113,Locarno
5120,Muralto
5113,Locarno
5118,Minusio
5120,Muralto
5121,Orselina
5113,Locarno
5113,Locarno
5121,Orselina
5136,Onsernone
5136,Onsernone
5136,Onsernone
5091,Ascona
5113,Locarno
5125,Ronco sopra Ascona
5097,Brissago
5097,Brissago
5115,Losone
5091,Ascona
5115,Losone
5125,Ronco sopra Ascona
5102,Corippo
5135,Vogorno
5112,Lavertezzo
5095,Brione (Verzasca)
5138,Cugnasco-Gerra
5105,Frasco
5129,Sonogno
5113,Locarno
5121,Orselina
5096,Brione sopra Minusio
5118,Minusio
5096,Brione sopra Minusio
5118,Minusio
5131,Tenero-Contra
5117,Mergoscia
5118,Minusio
5113,Locarno
5396,Terre di Pedemonte
5396,Terre di Pedemonte
5396,Terre di Pedemonte
5136,Onsernone
5397,Centovalli
5397,Centovalli
5397,Centovalli
5397,Centovalli
5397,Centovalli
5397,Centovalli
5397,Centovalli
5397,Centovalli
5136,Onsernone
5136,Onsernone
5136,Onsernone
5136,Onsernone
5136,Onsernone
5397,Centovalli
5136,Onsernone
5136,Onsernone
5317,Maggia
5324,Avegno Gordevio
5324,Avegno Gordevio
5317,Maggia
5317,Maggia
5317,Maggia
5310,Cevio
5310,Cevio
5317,Maggia
5317,Maggia
5317,Maggia
5317,Maggia
5317,Maggia
5315,Linescio
5309,Cerentino
5307,Campo (Vallemaggia)
5307,Campo (Vallemaggia)
5307,Campo (Vallemaggia)
5304,Bosco/Gurin
5310,Cevio
5310,Cevio
5323,Lavizzara
5323,Lavizzara
5323,Lavizzara
5323,Lavizzara
5323,Lavizzara
5323,Lavizzara
5323,Lavizzara
5002,Bellinzona
5287,Riviera
5287,Riviera
5287,Riviera
5281,Biasca
5050,Serravalle
5050,Serravalle
5048,Acquarossa
5048,Acquarossa
5048,Acquarossa
5048,Acquarossa
5049,Blenio
5049,Blenio
5049,Blenio
5049,Blenio
5049,Blenio
5049,Blenio
5049,Blenio
5050,Serravalle
5048,Acquarossa
5048,Acquarossa
5048,Acquarossa
5048,Acquarossa
5048,Acquarossa
5048,Acquarossa
5048,Acquarossa
5077,Pollegio
5281,Biasca
5064,Bodio
5076,Personico
5073,Giornico
5072,Faido
5072,Faido
5072,Faido
5072,Faido
5072,Faido
5072,Faido
5072,Faido
5072,Faido
5072,Faido
5072,Faido
5072,Faido
5072,Faido
5072,Faido
5072,Faido
5072,Faido
5072,Faido
5078,Prato (Leventina)
5078,Prato (Leventina)
5071,Dalpe
5079,Quinto
5061,Airolo
5079,Quinto
5079,Quinto
5079,Quinto
5061,Airolo
5061,Airolo
5063,Bedretto
5063,Bedretto
5238,Monteceneri
5238,Monteceneri
5238,Monteceneri
5199,Mezzovico-Vira
5238,Monteceneri
5189,Lamone
5226,Capriasca
5227,Torricella-Taverne
5238,Monteceneri
5227,Torricella-Taverne
5238,Monteceneri
5009,Isone
5189,Lamone
5162,Cadempino
5198,Melide
5154,Bissone
5195,Maroggia
5197,Melano
5219,Rovio
5144,Arogno
5144,Arogno
5192,Lugano
5254,Mendrisio
5263,Riva San Vitale
5160,Brusino Arsizio
5242,Balerna
5251,Coldrerio
5242,Balerna
5250,Chiasso
5250,Chiasso
5250,Chiasso
5257,Morbio Inferiore
5268,Vacallo
5257,Morbio Inferiore
5269,Breggia
5269,Breggia
5269,Breggia
5269,Breggia
5269,Breggia
5269,Breggia
5269,Breggia
5249,Castel San Pietro
5254,Mendrisio
5254,Mendrisio
5254,Mendrisio
5266,Stabio
5266,Stabio
5266,Stabio
5254,Mendrisio
5254,Mendrisio
5254,Mendrisio
5254,Mendrisio
5254,Mendrisio
5160,Brusino Arsizio
5249,Castel San Pietro
5254,Mendrisio
5254,Mendrisio
5249,Castel San Pietro
5249,Castel San Pietro
5249,Castel San Pietro
5249,Castel San Pietro
5249,Castel San Pietro
5249,Castel San Pietro
5251,Coldrerio
5260,Novazzano
5192,Lugano
5196,Massagno
5192,Lugano
5196,Massagno
5192,Lugano
5210,Paradiso
5192,Lugano
5192,Lugano
5192,Lugano
5192,Lugano
5186,Grancia
5192,Lugano
5236,Collina d'Oro
5192,Lugano
5192,Lugano
5236,Collina d'Oro
5233,Vico Morcote
5203,Morcote
5192,Lugano
5225,Sorengo
5192,Lugano
5236,Collina d'Oro
5236,Collina d'Oro
5236,Collina d'Oro
5194,Manno
5187,Gravesano
5148,Bedano
5192,Lugano
5192,Lugano
5205,Muzzano
5141,Agno
5151,Bioggio
5194,Manno
5151,Bioggio
5161,Cademario
5237,Alto Malcantone
5237,Alto Malcantone
5237,Alto Malcantone
5237,Alto Malcantone
5237,Alto Malcantone
5214,Porza
5221,Savosa
5231,Vezia
5176,Comano
5180,Cureglia
5208,Origlio
5212,Ponte Capriasca
5212,Ponte Capriasca
5226,Capriasca
5214,Porza
5221,Savosa
5176,Comano
5226,Capriasca
5192,Lugano
5192,Lugano
5192,Lugano
5192,Lugano
5192,Lugano
5192,Lugano
5167,Canobbio
5176,Comano
5214,Porza
5226,Capriasca
5226,Capriasca
5226,Capriasca
5226,Capriasca
5226,Capriasca
5226,Capriasca
5226,Capriasca
5226,Capriasca
5226,Capriasca
5192,Lugano
5192,Lugano
5192,Lugano
5192,Lugano
5192,Lugano
5226,Capriasca
5192,Lugano
5192,Lugano
5192,Lugano
5192,Lugano
5192,Lugano
5192,Lugano
5192,Lugano
5192,Lugano
5192,Lugano
5192,Lugano
5192,Lugano
5192,Lugano
5192,Lugano
5178,Croglio
5149,Bedigliora
5178,Croglio
5181,Curio
5149,Bedigliora
5207,Novaggio
5141,Agno
5151,Bioggio
5193,Magliaso
5206,Neggio
5216,Pura
5181,Curio
5207,Novaggio
5200,Miglieglia
5149,Bedigliora
5181,Curio
5171,Caslano
5213,Ponte Tresa
5178,Croglio
5141,Agno
5230,Vernate
5206,Neggio
5151,Bioggio
5230,Vernate
5151,Bioggio
5161,Cademario
5151,Bioggio
5230,Vernate
5143,Aranno
5202,Monteggio
5178,Croglio
5202,Monteggio
5202,Monteggio
5222,Sessa
5202,Monteggio
5146,Astano
3901,Chur
3911,Churwalden
3945,Trimmis
3722,Domat/Ems
3731,Felsberg
3722,Domat/Ems
3734,Trin
3722,Domat/Ems
3733,Tamins
3734,Trin
3732,Flims
3732,Flims
3732,Flims
3941,Haldenstein
3926,Maladers
3921,Arosa
3921,Arosa
3921,Arosa
3921,Arosa
3921,Arosa
3921,Arosa
3575,Laax
3575,Laax
3921,Arosa
3921,Arosa
3921,Arosa
3921,Arosa
3911,Churwalden
3932,Tschiertschen-Praden
3932,Tschiertschen-Praden
3911,Churwalden
3911,Churwalden
3506,Vaz/Obervaz
3911,Churwalden
3506,Vaz/Obervaz
3506,Vaz/Obervaz
3506,Vaz/Obervaz
3513,Lantsch/Lenz
3542,Albula/Alvra
3672,Safiental
3672,Safiental
3672,Safiental
3672,Safiental
3618,Lumnezia
3619,Ilanz/Glion
3619,Ilanz/Glion
3618,Lumnezia
3618,Lumnezia
3618,Lumnezia
3618,Lumnezia
3603,Vals
3672,Safiental
3619,Ilanz/Glion
3619,Ilanz/Glion
3619,Ilanz/Glion
3619,Ilanz/Glion
3619,Ilanz/Glion
3603,Vals
3981,Breil/Brigels
3988,Obersaxen Mundaun
3988,Obersaxen Mundaun
3988,Obersaxen Mundaun
3619,Ilanz/Glion
3618,Lumnezia
3618,Lumnezia
3618,Lumnezia
3619,Ilanz/Glion
3618,Lumnezia
3618,Lumnezia
3618,Lumnezia
3618,Lumnezia
3618,Lumnezia
3582,Schluein
3581,Sagogn
3572,Falera
3619,Ilanz/Glion
3619,Ilanz/Glion
3619,Ilanz/Glion
3619,Ilanz/Glion
3619,Ilanz/Glion
3981,Breil/Brigels
3981,Breil/Brigels
3981,Breil/Brigels
3981,Breil/Brigels
3981,Breil/Brigels
3981,Breil/Brigels
3987,Trun
3987,Trun
3987,Trun
3985,Sumvitg
3987,Trun
3985,Sumvitg
3985,Sumvitg
3985,Sumvitg
3985,Sumvitg
3982,Disentis/Mustér
3982,Disentis/Mustér
3982,Disentis/Mustér
3983,Medel (Lucmagn)
3983,Medel (Lucmagn)
3982,Disentis/Mustér
3986,Tujetsch
3986,Tujetsch
3986,Tujetsch
3945,Trimmis
3945,Trimmis
3946,Untervaz
3955,Landquart
3947,Zizers
3955,Landquart
3954,Malans
3972,Seewis im Prättigau
3972,Seewis im Prättigau
3972,Seewis im Prättigau
3961,Grüsch
3961,Grüsch
3961,Grüsch
3972,Seewis im Prättigau
3962,Schiers
3891,Luzein
3962,Schiers
3891,Luzein
3891,Luzein
3891,Luzein
3962,Schiers
3962,Schiers
3962,Schiers
3962,Schiers
3863,Jenaz
3862,Furna
3863,Jenaz
3861,Fideris
3882,Küblis
3891,Luzein
3881,Conters im Prättigau
3891,Luzein
3891,Luzein
3891,Luzein
3891,Luzein
3891,Luzein
3871,Klosters-Serneus
3871,Klosters-Serneus
3881,Conters im Prättigau
3871,Klosters-Serneus
3871,Klosters-Serneus
3851,Davos
3921,Arosa
3851,Davos
3871,Klosters-Serneus
3851,Davos
3851,Davos
3851,Davos
3851,Davos
3851,Davos
3953,Maienfeld
3955,Landquart
3955,Landquart
3951,Fläsch
3953,Maienfeld
3951,Fläsch
3952,Jenins
3291,Bad Ragaz
3294,Pfäfers
3294,Pfäfers
3955,Landquart
3294,Pfäfers
3294,Pfäfers
3733,Tamins
3291,Bad Ragaz
3294,Pfäfers
3294,Pfäfers
3296,Sargans
3297,Vilters-Wangs
3297,Vilters-Wangs
3293,Mels
3293,Mels
3672,Safiental
3721,Bonaduz
3723,Rhäzüns
3673,Domleschg
3637,Rothenbrunnen
3661,Cazis
3673,Domleschg
3661,Cazis
3661,Cazis
3640,Sils im Domleschg
3638,Scharans
3633,Fürstenau
3633,Fürstenau
3661,Cazis
3673,Domleschg
3673,Domleschg
3673,Domleschg
3673,Domleschg
3673,Domleschg
3673,Domleschg
3661,Cazis
3663,Masein
3661,Cazis
3661,Cazis
3661,Cazis
3661,Cazis
3661,Cazis
3663,Masein
3662,Flerden
3670,Urmein
3669,Tschappina
3668,Thusis
3711,Rongellen
3668,Thusis
3668,Thusis
3712,Zillis-Reischen
3703,Casti-Wergenstein
3705,Donat
3707,Lohn (GR)
3708,Mathon
3703,Casti-Wergenstein
3695,Sufers
3694,Splügen
3694,Splügen
3693,Nufenen
3691,Hinterrhein
3701,Andeer
3701,Andeer
3701,Andeer
3713,Ferrera
3713,Ferrera
3681,Avers
3681,Avers
3681,Avers
3681,Avers
3506,Vaz/Obervaz
3542,Albula/Alvra
3542,Albula/Alvra
3543,Surses
3543,Surses
3543,Surses
3543,Surses
3543,Surses
3543,Surses
3543,Surses
3542,Albula/Alvra
3542,Albula/Alvra
3543,Surses
3543,Surses
3543,Surses
3543,Surses
3542,Albula/Alvra
3542,Albula/Alvra
3544,Bergün Filisur
3544,Bergün Filisur
3544,Bergün Filisur
3544,Bergün Filisur
3544,Bergün Filisur
3542,Albula/Alvra
3514,Schmitten (GR)
3544,Bergün Filisur
3851,Davos
3782,Celerina/Schlarigna
3787,St. Moritz
3781,Bever
3786,Samedan
3782,Celerina/Schlarigna
3784,Pontresina
3786,Samedan
3782,Celerina/Schlarigna
3787,St. Moritz
3790,Silvaplana
3790,Silvaplana
3790,Silvaplana
3789,Sils im Engadin/Segl
3789,Sils im Engadin/Segl
3789,Sils im Engadin/Segl
3792,Bregaglia
3789,Sils im Engadin/Segl
3785,La Punt-Chamues-ch
3783,Madulain
3791,Zuoz
3788,S-chanf
3788,S-chanf
3746,Zernez
3746,Zernez
3847,Val Müstair
3847,Val Müstair
3847,Val Müstair
3847,Val Müstair
3847,Val Müstair
3847,Val Müstair
3746,Zernez
3746,Zernez
3762,Scuol
3762,Scuol
3762,Scuol
3762,Scuol
3762,Scuol
3762,Scuol
3762,Scuol
3762,Scuol
3764,Valsot
3764,Valsot
3764,Valsot
3764,Valsot
3764,Valsot
3752,Samnaun
3752,Samnaun
3792,Bregaglia
3792,Bregaglia
3792,Bregaglia
3792,Bregaglia
3792,Bregaglia
3792,Bregaglia
3792,Bregaglia
3792,Bregaglia
3561,Poschiavo
3561,Poschiavo
3561,Poschiavo
3561,Poschiavo
3561,Poschiavo
3561,Poschiavo
3551,Brusio
3551,Brusio
3561,Poschiavo
3551,Brusio
3561,Poschiavo
3561,Poschiavo
3551,Brusio
3551,Brusio
261,Zürich
261,Zürich
261,Zürich
261,Zürich
261,Zürich
261,Zürich
261,Zürich
261,Zürich
261,Zürich
261,Zürich
261,Zürich
261,Zürich
191,Dübendorf
261,Zürich
261,Zürich
261,Zürich
261,Zürich
261,Zürich
261,Zürich
261,Zürich
191,Dübendorf
261,Zürich
66,Opfikon
97,Rümlang
261,Zürich
261,Zürich
261,Zürich
261,Zürich
261,Zürich
245,Oberengstringen
249,Unterengstringen
251,Weiningen (ZH)
96,Regensdorf
96,Regensdorf
96,Regensdorf
83,Buchs (ZH)
94,Otelfingen
84,Dällikon
4048,Würenlos
94,Otelfingen
82,Boppelsen
85,Dänikon
87,Hüttikon
193,Fällanden
193,Fällanden
193,Fällanden
195,Maur
195,Maur
195,Maur
161,Zollikon
261,Zürich
160,Zumikon
154,Küsnacht (ZH)
192,Egg
195,Maur
192,Egg
192,Egg
195,Maur
192,Egg
131,Adliswil
261,Zürich
136,Langnau am Albis
295,Horgen
295,Horgen
295,Horgen
141,Thalwil
242,Birmensdorf (ZH)
248,Uitikon
261,Zürich
13,Stallikon
13,Stallikon
248,Uitikon
261,Zürich
62,Kloten
66,Opfikon
97,Rümlang
261,Zürich
66,Opfikon
66,Opfikon
97,Rümlang
92,Oberglatt
90,Niederhasli
101,Steinmaur
90,Niederhasli
90,Niederhasli
86,Dielsdorf
95,Regensberg
88,Neerach
101,Steinmaur
101,Steinmaur
81,Bachs
88,Neerach
99,Schöfflisdorf
93,Oberweningen
98,Schleinikon
91,Niederweningen
89,Niederglatt
88,Neerach
88,Neerach
100,Stadel
100,Stadel
53,Bülach
58,Glattfelden
72,Winkel
60,Höri
59,Hochfelden
51,Bachenbülach
72,Winkel
102,Weiach
58,Glattfelden
59,Hochfelden
58,Glattfelden
55,Eglisau
58,Glattfelden
61,Hüntwangen
70,Wasterkingen
70,Wasterkingen
71,Wil (ZH)
55,Eglisau
67,Rafz
2937,Neuhausen am Rheinfall
2939,Schaffhausen
2939,Schaffhausen
2939,Schaffhausen
2939,Schaffhausen
2937,Neuhausen am Rheinfall
2939,Schaffhausen
34,Laufen-Uhwiesen
2904,Neunkirch
2901,Gächlingen
2971,Hallau
2972,Oberhallau
2904,Neunkirch
2973,Trasadingen
2974,Wilchingen
2974,Wilchingen
2973,Trasadingen
2932,Beringen
2939,Schaffhausen
2904,Neunkirch
2932,Beringen
2903,Löhningen
2904,Neunkirch
2901,Gächlingen
2953,Siblingen
2901,Gächlingen
2951,Beggingen
2952,Schleitheim
2951,Beggingen
2939,Schaffhausen
2936,Merishausen
2931,Bargen (SH)
2919,Stetten (SH)
2917,Lohn (SH)
2914,Büttenhardt
2920,Thayngen
2915,Dörflingen
2920,Thayngen
2920,Thayngen
2920,Thayngen
2920,Thayngen
2920,Thayngen
27,Feuerthalen
27,Feuerthalen
29,Flurlingen
34,Laufen-Uhwiesen
4545,Diessenhofen
4546,Schlatt (TG)
4545,Diessenhofen
4545,Diessenhofen
4536,Basadingen-Schlattingen
4536,Basadingen-Schlattingen
4871,Wagenhausen
4871,Wagenhausen
4871,Wagenhausen
4871,Wagenhausen
2964,Stein am Rhein
2962,Hemishofen
2963,Ramsen
2961,Buch (SH)
4806,Eschenz
4826,Mammern
4826,Mammern
4864,Steckborn
4801,Berlingen
4851,Salenstein
4851,Salenstein
4851,Salenstein
4646,Ermatingen
4646,Ermatingen
4696,Tägerwilen
4651,Gottlieben
4643,Bottighofen
4671,Kreuzlingen
4696,Tägerwilen
62,Kloten
52,Bassersdorf
69,Wallisellen
191,Dübendorf
54,Dietlikon
200,Wangen-Brüttisellen
199,Volketswil
296,Illnau-Effretikon
296,Illnau-Effretikon
172,Fehraltorf
296,Illnau-Effretikon
172,Fehraltorf
180,Weisslingen
296,Illnau-Effretikon
62,Kloten
64,Nürensdorf
176,Lindau
230,Winterthur
176,Lindau
213,Brütten
176,Lindau
296,Illnau-Effretikon
176,Lindau
176,Lindau
172,Fehraltorf
178,Russikon
182,Wildberg
178,Russikon
177,Pfäffikon
177,Pfäffikon
178,Russikon
178,Russikon
173,Hittnau
111,Bäretswil
113,Dürnten
117,Hinwil
121,Wetzikon (ZH)
117,Hinwil
111,Bäretswil
111,Bäretswil
121,Wetzikon (ZH)
219,Elsau
230,Winterthur
294,Elgg
226,Schlatt (ZH)
294,Elgg
294,Elgg
4551,Aadorf
4551,Aadorf
4551,Aadorf
4724,Eschlikon
4746,Münchwilen (TG)
4724,Eschlikon
4721,Bichelsee-Balterswil
228,Turbenthal
4721,Bichelsee-Balterswil
4724,Eschlikon
4761,Sirnach
4761,Sirnach
4726,Fischingen
4761,Sirnach
4726,Fischingen
4726,Fischingen
3392,Kirchberg (SG)
4726,Fischingen
3394,Mosnang
4726,Fischingen
230,Winterthur
230,Winterthur
230,Winterthur
230,Winterthur
226,Schlatt (ZH)
230,Winterthur
230,Winterthur
230,Winterthur
230,Winterthur
223,Neftenbach
223,Neftenbach
223,Neftenbach
223,Neftenbach
24,Buch am Irchel
23,Berg am Irchel
23,Berg am Irchel
28,Flaach
226,Schlatt (ZH)
215,Dättlikon
224,Pfungen
56,Embrach
65,Oberembrach
63,Lufingen
57,Freienstein-Teufen
56,Embrach
68,Rorbas
57,Freienstein-Teufen
68,Rorbas
221,Hettlingen
31,Henggart
25,Dachsen
34,Laufen-Uhwiesen
30,Andelfingen
33,Kleinandelfingen
21,Adlikon
33,Kleinandelfingen
2933,Buchberg
2938,Rüdlingen
32,Humlikon
26,Dorf
43,Volken
35,Marthalen
33,Kleinandelfingen
38,Rheinau
22,Benken (ZH)
35,Marthalen
38,Rheinau
40,Trüllikon
40,Trüllikon
37,Ossingen
40,Trüllikon
41,Truttikon
44,Waltalingen
44,Waltalingen
214,Dägerlen
214,Dägerlen
214,Dägerlen
214,Dägerlen
214,Dägerlen
227,Seuzach
216,Dinhard
37,Ossingen
42,Unterstammheim
4536,Basadingen-Schlattingen
36,Oberstammheim
39,Thalheim an der Thur
211,Altikon
230,Winterthur
296,Illnau-Effretikon
231,Zell (ZH)
296,Illnau-Effretikon
180,Weisslingen
180,Weisslingen
180,Weisslingen
231,Zell (ZH)
231,Zell (ZH)
231,Zell (ZH)
182,Wildberg
228,Turbenthal
182,Wildberg
182,Wildberg
182,Wildberg
181,Wila
228,Turbenthal
181,Wila
297,Bauma
114,Fischenthal
297,Bauma
228,Turbenthal
4726,Fischingen
114,Fischenthal
3394,Mosnang
114,Fischenthal
111,Bäretswil
114,Fischenthal
117,Hinwil
297,Bauma
4726,Fischingen
4561,Felben-Wellhausen
4566,Frauenfeld
4571,Gachnang
4591,Matzingen
4611,Thundorf
220,Hagenbuch
4566,Frauenfeld
4841,Pfyn
4841,Pfyn
4811,Herdern
4816,Homburg
4826,Mammern
4816,Homburg
4841,Pfyn
4611,Thundorf
4611,Thundorf
4611,Thundorf
4711,Affeltrangen
4881,Amlikon-Bissegg
4551,Aadorf
4551,Aadorf
220,Hagenbuch
294,Elgg
4616,Uesslingen-Buch
4616,Uesslingen-Buch
4601,Neunforn
36,Oberstammheim
4601,Neunforn
4601,Neunforn
4621,Warth-Weiningen
4621,Warth-Weiningen
4811,Herdern
4811,Herdern
4821,Hüttwilen
4621,Warth-Weiningen
4811,Herdern
4821,Hüttwilen
4821,Hüttwilen
4821,Hüttwilen
230,Winterthur
298,Wiesendangen
298,Wiesendangen
298,Wiesendangen
298,Wiesendangen
298,Wiesendangen
225,Rickenbach (ZH)
225,Rickenbach (ZH)
230,Winterthur
4571,Gachnang
4571,Gachnang
298,Wiesendangen
4571,Gachnang
218,Ellikon an der Thur
4561,Felben-Wellhausen
4566,Frauenfeld
4590,Hüttlingen
4590,Hüttlingen
4590,Hüttlingen
4590,Hüttlingen
4951,Wigoltingen
4881,Amlikon-Bissegg
4951,Wigoltingen
4831,Müllheim
4951,Wigoltingen
4951,Wigoltingen
4951,Wigoltingen
4951,Wigoltingen
4701,Wäldi
4846,Raperswilen
4941,Märstetten
4951,Wigoltingen
4941,Märstetten
4701,Wäldi
4701,Wäldi
4951,Wigoltingen
4701,Wäldi
4701,Wäldi
4701,Wäldi
4951,Wigoltingen
4701,Wäldi
4701,Wäldi
4666,Kemmental
4666,Kemmental
4666,Kemmental
4666,Kemmental
4666,Kemmental
4891,Berg (TG)
4946,Weinfelden
4891,Berg (TG)
4891,Berg (TG)
4891,Berg (TG)
4891,Berg (TG)
4666,Kemmental
4666,Kemmental
4666,Kemmental
4683,Lengwil
4683,Lengwil
4683,Lengwil
4683,Lengwil
4911,Bürglen (TG)
4946,Weinfelden
4911,Bürglen (TG)
4921,Bussnang
4891,Berg (TG)
4501,Kradolf-Schönenberg
4756,Schönholzerswilen
4416,Hefenhofen
4441,Salmsach
4461,Amriswil
4446,Sommeri
3202,Muolen
4461,Amriswil
4416,Hefenhofen
4461,Amriswil
4461,Amriswil
4406,Dozwil
4416,Hefenhofen
4506,Sulgen
4506,Sulgen
4506,Sulgen
4911,Bürglen (TG)
4891,Berg (TG)
4911,Bürglen (TG)
4901,Birwinken
4901,Birwinken
4681,Langrickenbach
4681,Langrickenbach
4681,Langrickenbach
4681,Langrickenbach
4901,Birwinken
4901,Birwinken
4476,Erlen
4901,Birwinken
4476,Erlen
4681,Langrickenbach
4476,Erlen
4476,Erlen
4476,Erlen
4476,Erlen
4901,Birwinken
4461,Amriswil
4511,Zihlschlacht-Sitterdorf
4511,Zihlschlacht-Sitterdorf
4436,Romanshorn
4451,Uttwil
4451,Uttwil
4426,Kesswil
4656,Güttingen
4641,Altnau
4691,Münsterlingen
4691,Münsterlingen
4691,Münsterlingen
4643,Bottighofen
4671,Kreuzlingen
4441,Salmsach
54,Dietlikon
191,Dübendorf
197,Schwerzenbach
200,Wangen-Brüttisellen
191,Dübendorf
197,Schwerzenbach
199,Volketswil
199,Volketswil
198,Uster
194,Greifensee
119,Seegräben
196,Mönchaltorf
112,Bubikon
113,Dürnten
198,Uster
115,Gossau (ZH)
198,Uster
198,Uster
198,Uster
198,Uster
115,Gossau (ZH)
196,Mönchaltorf
198,Uster
157,Oetwil am See
121,Wetzikon (ZH)
121,Wetzikon (ZH)
177,Pfäffikon
115,Gossau (ZH)
121,Wetzikon (ZH)
115,Gossau (ZH)
115,Gossau (ZH)
115,Gossau (ZH)
116,Grüningen
153,Hombrechtikon
118,Rüti (ZH)
3340,Rapperswil-Jona
113,Dürnten
112,Bubikon
3340,Rapperswil-Jona
153,Hombrechtikon
113,Dürnten
113,Dürnten
118,Rüti (ZH)
120,Wald (ZH)
3342,Eschenbach (SG)
120,Wald (ZH)
3342,Eschenbach (SG)
3342,Eschenbach (SG)
3340,Rapperswil-Jona
1322,Freienbach
3340,Rapperswil-Jona
3340,Rapperswil-Jona
154,Küsnacht (ZH)
161,Zollikon
151,Erlenbach (ZH)
152,Herrliberg
154,Küsnacht (ZH)
152,Herrliberg
156,Meilen
159,Uetikon am See
155,Männedorf
158,Stäfa
158,Stäfa
153,Hombrechtikon
3340,Rapperswil-Jona
3340,Rapperswil-Jona
3338,Schmerikon
3312,Benken (SG)
3315,Schänis
3313,Kaltbrunn
3315,Schänis
3315,Schänis
3315,Schänis
3341,Gommiswald
3341,Gommiswald
3342,Eschenbach (SG)
3341,Gommiswald
3379,Wattwil
3342,Eschenbach (SG)
1347,Tuggen
3338,Schmerikon
3339,Uznach
3341,Gommiswald
3342,Eschenbach (SG)
3342,Eschenbach (SG)
3340,Rapperswil-Jona
3342,Eschenbach (SG)
3342,Eschenbach (SG)
3342,Eschenbach (SG)
3313,Kaltbrunn
3341,Gommiswald
3313,Kaltbrunn
3341,Gommiswald
3313,Kaltbrunn
3341,Gommiswald
1631,Glarus Süd
1632,Glarus
1632,Glarus
1367,Muotathal
1632,Glarus
1218,Spiringen
1630,Glarus Nord
1630,Glarus Nord
1630,Glarus Nord
1632,Glarus
1631,Glarus Süd
1632,Glarus
1631,Glarus Süd
1630,Glarus Nord
1630,Glarus Nord
1631,Glarus Süd
1631,Glarus Süd
1631,Glarus Süd
1631,Glarus Süd
1631,Glarus Süd
1631,Glarus Süd
1631,Glarus Süd
1631,Glarus Süd
1631,Glarus Süd
1631,Glarus Süd
1631,Glarus Süd
1631,Glarus Süd
1631,Glarus Süd
1631,Glarus Süd
1631,Glarus Süd
1631,Glarus Süd
141,Thalwil
135,Kilchberg (ZH)
135,Kilchberg (ZH)
139,Rüschlikon
142,Wädenswil
138,Richterswil
1322,Freienbach
1323,Wollerau
1322,Freienbach
1322,Freienbach
295,Horgen
295,Horgen
295,Horgen
142,Wädenswil
140,Schönenberg (ZH)
134,Hütten
1321,Feusisberg
1322,Freienbach
1323,Wollerau
1322,Freienbach
138,Richterswil
1323,Wollerau
1321,Feusisberg
1323,Wollerau
1321,Feusisberg
1301,Einsiedeln
1321,Feusisberg
1706,Oberägeri
1301,Einsiedeln
1301,Einsiedeln
1301,Einsiedeln
1368,Oberiberg
1372,Schwyz
1375,Unteriberg
1368,Oberiberg
1372,Schwyz
1301,Einsiedeln
1375,Unteriberg
1375,Unteriberg
1301,Einsiedeln
1341,Altendorf
1301,Einsiedeln
1321,Feusisberg
1361,Alpthal
1372,Schwyz
1341,Altendorf
1342,Galgenen
1344,Lachen
1349,Wangen (SZ)
1342,Galgenen
1346,Schübelbach
1349,Wangen (SZ)
1342,Galgenen
1346,Schübelbach
1347,Tuggen
1349,Wangen (SZ)
1347,Tuggen
1348,Vorderthal
1343,Innerthal
1346,Schübelbach
1346,Schübelbach
1345,Reichenburg
1630,Glarus Nord
1630,Glarus Nord
3315,Schänis
1630,Glarus Nord
1630,Glarus Nord
1630,Glarus Nord
3311,Amden
3316,Weesen
3311,Amden
1630,Glarus Nord
3295,Quarten
3295,Quarten
3298,Walenstadt
3298,Walenstadt
3298,Walenstadt
3295,Quarten
3295,Quarten
3295,Quarten
3295,Quarten
3293,Mels
3293,Mels
3292,Flums
3293,Mels
3296,Sargans
3293,Mels
3292,Flums
3298,Walenstadt
3292,Flums
3298,Walenstadt
3292,Flums
3298,Walenstadt
3292,Flums
3292,Flums
3292,Flums
3295,Quarten
3298,Walenstadt
3292,Flums
3292,Flums
3295,Quarten
247,Schlieren
250,Urdorf
242,Birmensdorf (ZH)
241,Aesch (ZH)
4084,Islisberg
4061,Arni (AG)
3,Bonstetten
14,Wettswil am Albis
5,Hedingen
2,Affoltern am Albis
2,Affoltern am Albis
12,Rifferswil
10,Obfelden
11,Ottenbach
1,Aeugst am Albis
1,Aeugst am Albis
4,Hausen am Albis
4071,Jonen
4073,Oberlunkhofen
4079,Unterlunkhofen
4238,Rottenschwil
4,Hausen am Albis
6,Kappel am Albis
6,Kappel am Albis
6,Kappel am Albis
9,Mettmenstetten
8,Maschwanden
7,Knonau
137,Oberrieden
244,Geroldswil
249,Unterengstringen
251,Weiningen (ZH)
243,Dietikon
247,Schlieren
249,Unterengstringen
261,Zürich
243,Dietikon
4040,Spreitenbach
244,Geroldswil
246,Oetwil an der Limmat
4030,Killwangen
4040,Spreitenbach
4023,Bergdietikon
4062,Berikon
4075,Rudolfstetten-Friedlisb.
4062,Berikon
4074,Oberwil-Lieli
4022,Bellikon
4023,Bergdietikon
4081,Widen
3203,St. Gallen
3203,St. Gallen
3204,Wittenbach
3203,St. Gallen
3203,St. Gallen
3024,Teufen (AR)
3203,St. Gallen
3005,Stein (AR)
3203,St. Gallen
3203,St. Gallen
3443,Gossau (SG)
3203,St. Gallen
3203,St. Gallen
3442,Gaiserwald
3442,Gaiserwald
3442,Gaiserwald
3444,Waldkirch
3219,Untereggen
3034,Rehetobel
3212,Eggersriet
3031,Grub (AR)
3212,Eggersriet
3032,Heiden
3212,Eggersriet
3023,Speicher
3034,Rehetobel
3203,St. Gallen
3212,Eggersriet
3031,Grub (AR)
3032,Heiden
3034,Rehetobel
3023,Speicher
3024,Teufen (AR)
3203,St. Gallen
3021,Bühler
3022,Gais
3025,Trogen
3036,Wald (AR)
3036,Wald (AR)
3101,Appenzell
3102,Gonten
3103,Rüte
3104,Schlatt-Haslen
3105,Schwende
3103,Rüte
3104,Schlatt-Haslen
3101,Appenzell
3103,Rüte
3103,Rüte
3105,Schwende
3101,Appenzell
3104,Schlatt-Haslen
3024,Teufen (AR)
3104,Schlatt-Haslen
3024,Teufen (AR)
3104,Schlatt-Haslen
3104,Schlatt-Haslen
3021,Bühler
3022,Gais
3024,Teufen (AR)
3104,Schlatt-Haslen
3022,Gais
3101,Appenzell
3104,Schlatt-Haslen
3103,Rüte
3105,Schwende
3105,Schwende
3105,Schwende
3103,Rüte
3105,Schwende
3251,Altstätten
3024,Teufen (AR)
3002,Hundwil
3005,Stein (AR)
3002,Hundwil
3001,Herisau
3004,Schwellbrunn
3007,Waldstatt
3443,Gossau (SG)
3004,Schwellbrunn
3006,Urnäsch
3007,Waldstatt
3378,Neckertal
3004,Schwellbrunn
3006,Urnäsch
3007,Waldstatt
3003,Schönengrund
3004,Schwellbrunn
3378,Neckertal
3002,Hundwil
3003,Schönengrund
3006,Urnäsch
3105,Schwende
3359,Wildhaus-Alt St. Johann
3360,Nesslau
3372,Hemberg
3102,Gonten
3104,Schlatt-Haslen
3105,Schwende
3102,Gonten
3102,Gonten
3001,Herisau
3004,Schwellbrunn
3378,Neckertal
3401,Degersheim
3402,Flawil
3378,Neckertal
3378,Neckertal
3378,Neckertal
3401,Degersheim
3375,Oberhelfenschwil
3378,Neckertal
3378,Neckertal
3378,Neckertal
3393,Lütisburg
3375,Oberhelfenschwil
3378,Neckertal
3375,Oberhelfenschwil
3378,Neckertal
3372,Hemberg
3378,Neckertal
3402,Flawil
3422,Niederbüren
3443,Gossau (SG)
3422,Niederbüren
3424,Oberbüren
3441,Andwil (SG)
3443,Gossau (SG)
3444,Waldkirch
3444,Waldkirch
3441,Andwil (SG)
3443,Gossau (SG)
3444,Waldkirch
4486,Hauptwil-Gottshaus
4501,Kradolf-Schönenberg
4506,Sulgen
4501,Kradolf-Schönenberg
4501,Kradolf-Schönenberg
4476,Erlen
4495,Hohentannen
4495,Hohentannen
4501,Kradolf-Schönenberg
3202,Muolen
4471,Bischofszell
4486,Hauptwil-Gottshaus
4511,Zihlschlacht-Sitterdorf
3423,Niederhelfenschwil
4471,Bischofszell
4471,Bischofszell
4486,Hauptwil-Gottshaus
4486,Hauptwil-Gottshaus
3401,Degersheim
3402,Flawil
3407,Oberuzwil
3424,Oberbüren
3402,Flawil
3407,Oberuzwil
3408,Uzwil
3407,Oberuzwil
3424,Oberbüren
3405,Jonschwil
3407,Oberuzwil
3408,Uzwil
3393,Lütisburg
3405,Jonschwil
3407,Oberuzwil
3408,Uzwil
3423,Niederhelfenschwil
3424,Oberbüren
3423,Niederhelfenschwil
3424,Oberbüren
3422,Niederbüren
3444,Waldkirch
3408,Uzwil
3407,Oberuzwil
3408,Uzwil
3408,Uzwil
3408,Uzwil
3203,St. Gallen
3204,Wittenbach
3211,Berg (SG)
3442,Gaiserwald
3444,Waldkirch
3444,Waldkirch
3211,Berg (SG)
3217,Steinach
3211,Berg (SG)
4431,Roggwil (TG)
3201,Häggenschwil
3202,Muolen
3204,Wittenbach
3201,Häggenschwil
3202,Muolen
4511,Zihlschlacht-Sitterdorf
4411,Egnach
4411,Egnach
4431,Roggwil (TG)
3201,Häggenschwil
4411,Egnach
4401,Arbon
4401,Arbon
4431,Roggwil (TG)
4401,Arbon
4431,Roggwil (TG)
4411,Egnach
4441,Salmsach
3217,Steinach
4431,Roggwil (TG)
3218,Tübach
4421,Horn
3214,Mörschwil
3218,Tübach
3213,Goldach
3215,Rorschach
3213,Goldach
3214,Mörschwil
3219,Untereggen
3213,Goldach
3216,Rorschacherberg
3219,Untereggen
3237,Thal
3032,Heiden
3033,Lutzenberg
3212,Eggersriet
3216,Rorschacherberg
3032,Heiden
3038,Wolfhalden
3035,Reute (AR)
3233,Berneck
3035,Reute (AR)
3032,Heiden
3111,Oberegg
3216,Rorschacherberg
3237,Thal
3237,Thal
3235,Rheineck
3236,St. Margrethen
3038,Wolfhalden
3235,Rheineck
3237,Thal
3033,Lutzenberg
3235,Rheineck
3032,Heiden
3033,Lutzenberg
3037,Walzenhausen
3038,Wolfhalden
3111,Oberegg
3237,Thal
3037,Walzenhausen
3038,Wolfhalden
3111,Oberegg
3236,St. Margrethen
3236,St. Margrethen
3231,Au (SG)
3233,Berneck
3231,Au (SG)
3232,Balgach
3233,Berneck
3238,Widnau
3232,Balgach
3234,Diepoldsau
3254,Oberriet (SG)
3035,Reute (AR)
3253,Marbach (SG)
3255,Rebstein
3111,Oberegg
3233,Berneck
3111,Oberegg
3234,Diepoldsau
3238,Widnau
3234,Diepoldsau
3232,Balgach
3255,Rebstein
3022,Gais
3251,Altstätten
3111,Oberegg
3251,Altstätten
3254,Oberriet (SG)
3251,Altstätten
3252,Eichberg
3251,Altstätten
3252,Eichberg
3254,Oberriet (SG)
3251,Altstätten
3254,Oberriet (SG)
3256,Rüthi (SG)
3251,Altstätten
3256,Rüthi (SG)
3251,Altstätten
3274,Sennwald
3274,Sennwald
3103,Rüte
3274,Sennwald
3274,Sennwald
3271,Buchs (SG)
3272,Gams
3273,Grabs
3274,Sennwald
3271,Buchs (SG)
3273,Grabs
3275,Sevelen
3273,Grabs
3273,Grabs
3273,Grabs
3272,Gams
3274,Sennwald
3275,Sevelen
3275,Sevelen
3276,Wartau
3276,Wartau
3276,Wartau
3276,Wartau
3276,Wartau
3276,Wartau
3276,Wartau
3392,Kirchberg (SG)
3426,Zuzwil (SG)
3427,Wil (SG)
4746,Münchwilen (TG)
4723,Braunau
4921,Bussnang
4921,Bussnang
4921,Bussnang
4741,Lommis
4606,Stettfurt
4741,Lommis
3427,Wil (SG)
3427,Wil (SG)
4791,Wuppenau
3426,Zuzwil (SG)
4791,Wuppenau
4921,Bussnang
3426,Zuzwil (SG)
3423,Niederhelfenschwil
3426,Zuzwil (SG)
3427,Wil (SG)
3423,Niederhelfenschwil
3423,Niederhelfenschwil
3001,Herisau
3423,Niederhelfenschwil
3392,Kirchberg (SG)
3405,Jonschwil
4751,Rickenbach (TG)
3392,Kirchberg (SG)
3392,Kirchberg (SG)
3392,Kirchberg (SG)
4751,Rickenbach (TG)
4786,Wilen (TG)
3405,Jonschwil
3408,Uzwil
3427,Wil (SG)
4751,Rickenbach (TG)
4746,Münchwilen (TG)
3427,Wil (SG)
4746,Münchwilen (TG)
4781,Wängi
4781,Wängi
4551,Aadorf
4566,Frauenfeld
4591,Matzingen
4606,Stettfurt
3427,Wil (SG)
4716,Bettwiesen
4776,Tobel-Tägerschen
4711,Affeltrangen
4776,Tobel-Tägerschen
4711,Affeltrangen
4711,Affeltrangen
4711,Affeltrangen
4921,Bussnang
4711,Affeltrangen
4921,Bussnang
4921,Bussnang
4921,Bussnang
4921,Bussnang
4921,Bussnang
4761,Sirnach
3392,Kirchberg (SG)
3393,Lütisburg
3394,Mosnang
3395,Bütschwil-Ganterschwil
3392,Kirchberg (SG)
3393,Lütisburg
3392,Kirchberg (SG)
3393,Lütisburg
3393,Lütisburg
3405,Jonschwil
3407,Oberuzwil
3393,Lütisburg
3395,Bütschwil-Ganterschwil
3394,Mosnang
3393,Lütisburg
3395,Bütschwil-Ganterschwil
3394,Mosnang
3392,Kirchberg (SG)
3394,Mosnang
3394,Mosnang
3395,Bütschwil-Ganterschwil
3379,Wattwil
3394,Mosnang
3395,Bütschwil-Ganterschwil
3374,Lichtensteig
3375,Oberhelfenschwil
3378,Neckertal
3379,Wattwil
3395,Bütschwil-Ganterschwil
3375,Oberhelfenschwil
3395,Bütschwil-Ganterschwil
3379,Wattwil
3378,Neckertal
3379,Wattwil
3379,Wattwil
3352,Ebnat-Kappel
3360,Nesslau
3372,Hemberg
3379,Wattwil
3372,Hemberg
3352,Ebnat-Kappel
3379,Wattwil
3352,Ebnat-Kappel
3360,Nesslau
3360,Nesslau
3360,Nesslau
3360,Nesslau
3360,Nesslau
3359,Wildhaus-Alt St. Johann
3359,Wildhaus-Alt St. Johann
3272,Gams
3273,Grabs
3359,Wildhaus-Alt St. Johann